test_acc,test_f1,test_auc,best_f1,best_auc,best_epoch,fold,model,iter
0.8512396694214877,0.8438516981398627,0.9425352145240247,0.8438516981398627,0.9425352145240247,43.0,traditional,,
0.859504132231405,0.8546514091968637,0.9476682934844661,0.8546514091968637,0.9476682934844661,42.0,,vlocal,0.0
0.8264462809917356,0.8089319771137953,0.926784376309348,0.8089319771137953,0.926784376309348,26.0,,simulated_local_0,0.0
0.7768595041322314,0.7544782123294519,0.9176057828506473,0.7544782123294519,0.9176057828506473,34.0,,simulated_local_1,0.0
0.8099173553719008,0.7916174734356551,0.9291142714649607,0.7916174734356551,0.9291142714649607,32.0,,simulated_local_2,0.0
0.7768595041322314,0.7606160232316029,0.9009252617523983,0.7606160232316029,0.9009252617523983,29.0,,simulated_local_3,0.0
0.743801652892562,0.7106384702641387,0.8937696723238538,0.7106384702641387,0.8937696723238538,36.0,,simulated_local_4,0.0
0.8264462809917356,0.8100996224882929,0.9342434332159185,,,,,fedavg,0.0
0.8760330578512396,0.871001201523108,0.9466331029503434,0.871001201523108,0.9466331029503434,37.0,,vlocal,1.0
0.8512396694214877,0.8413709285367039,0.9439866065669252,0.8413709285367039,0.9439866065669252,18.0,,simulated_local_0,1.0
0.8264462809917356,0.8160436096237408,0.9458833895376733,0.8160436096237408,0.9458833895376733,36.0,,simulated_local_1,1.0
0.859504132231405,0.8503106546686676,0.9473123223382099,0.8503106546686676,0.9473123223382099,31.0,,simulated_local_2,1.0
0.8099173553719008,0.7979002410845485,0.9171995649322617,0.7979002410845485,0.9171995649322617,37.0,,simulated_local_3,1.0
0.7933884297520661,0.7756064871767351,0.9125324822395614,0.7756064871767351,0.9125324822395614,47.0,,simulated_local_4,1.0
0.8347107438016529,0.8205093229806381,0.9445299356315315,,,,,fedavg,1.0
0.859504132231405,0.8551246733064913,0.9495048136751965,0.8551246733064913,0.9495048136751965,8.0,,vlocal,2.0
0.859504132231405,0.8519117246389972,0.946412494898686,0.8519117246389972,0.946412494898686,30.0,,simulated_local_0,2.0
0.8347107438016529,0.8206210685549529,0.9498555233813445,0.8206210685549529,0.9498555233813445,49.0,,simulated_local_1,2.0
0.8512396694214877,0.8482276789978929,0.945875230730975,0.8482276789978929,0.945875230730975,43.0,,simulated_local_2,2.0
0.8429752066115702,0.8293388429752065,0.925454272085943,0.8293388429752065,0.925454272085943,27.0,,simulated_local_3,2.0
0.8347107438016529,0.823848878394333,0.9412997208859555,0.823848878394333,0.9412997208859555,40.0,,simulated_local_4,2.0
0.8347107438016529,0.822973066537423,0.947902400023675,,,,,fedavg,2.0
0.8760330578512396,0.8713336574299141,0.9526307901938179,0.8713336574299141,0.9526307901938179,8.0,,vlocal,3.0
0.8677685950413223,0.8640583233884668,0.9484169299896108,0.8640583233884668,0.9484169299896108,24.0,,simulated_local_0,3.0
0.8677685950413223,0.8659328825444528,0.939834703485353,0.8659328825444528,0.939834703485353,1.0,,simulated_local_1,3.0
0.8512396694214877,0.842632784943745,0.9439068002725541,0.842632784943745,0.9439068002725541,37.0,,simulated_local_2,3.0
0.8264462809917356,0.8118590615128132,0.9220840613540937,0.8118590615128132,0.9220840613540937,10.0,,simulated_local_3,3.0
0.8347107438016529,0.822973066537423,0.9400966282279345,0.822973066537423,0.9400966282279345,21.0,,simulated_local_4,3.0
0.859504132231405,0.8538559292288533,0.9471714753906091,,,,,fedavg,3.0
0.8677685950413223,0.8634422043602962,0.9595626620010028,0.8634422043602962,0.9595626620010028,12.0,,vlocal,4.0
0.8512396694214877,0.8460711805446279,0.9548493511858817,0.8460711805446279,0.9548493511858817,30.0,,simulated_local_0,4.0
0.8512396694214877,0.8456690556562515,0.9387984150288281,0.8456690556562515,0.9387984150288281,18.0,,simulated_local_1,4.0
0.8677685950413223,0.8635354444535361,0.951144922938308,0.8635354444535361,0.951144922938308,37.0,,simulated_local_2,4.0
0.859504132231405,0.8506956040996271,0.9244819372351682,0.8506956040996271,0.9244819372351682,17.0,,simulated_local_3,4.0
0.8512396694214877,0.8353490036134664,0.942221403223302,0.8353490036134664,0.942221403223302,49.0,,simulated_local_4,4.0
0.859504132231405,0.8515490570036024,0.9522828256651525,,,,,fedavg,4.0
0.8677685950413223,0.8636625900352272,0.9451654014987987,0.8636625900352272,0.9451654014987987,20.0,,vlocal,5.0
0.8429752066115702,0.8385717805590227,0.9588235054939895,0.8385717805590227,0.9588235054939895,2.0,,simulated_local_0,5.0
0.8677685950413223,0.8611849943632017,0.9542844428398264,0.8611849943632017,0.9542844428398264,37.0,,simulated_local_1,5.0
0.859504132231405,0.8498720975993702,0.9416060223299568,0.8498720975993702,0.9416060223299568,27.0,,simulated_local_2,5.0
0.8347107438016529,0.8276142155654987,0.939535761819274,0.8276142155654987,0.939535761819274,14.0,,simulated_local_3,5.0
0.8016528925619835,0.7946809083172719,0.9080313983753784,0.7946809083172719,0.9080313983753784,27.0,,simulated_local_4,5.0
0.8677685950413223,0.863187467072066,0.9527862438130029,,,,,fedavg,5.0
0.859504132231405,0.855260992451075,0.946273065819295,0.855260992451075,0.946273065819295,15.0,,vlocal,6.0
0.8512396694214877,0.8455951462482795,0.9521482550888309,0.8455951462482795,0.9521482550888309,45.0,,simulated_local_0,6.0
0.8347107438016529,0.828699617534569,0.9524928130245178,0.828699617534569,0.9524928130245178,10.0,,simulated_local_1,6.0
0.8429752066115702,0.8301300482595597,0.9386680297160307,0.8301300482595597,0.9386680297160307,9.0,,simulated_local_2,6.0
0.8512396694214877,0.8461417472518891,0.9490237745808419,0.8461417472518891,0.9490237745808419,30.0,,simulated_local_3,6.0
0.8512396694214877,0.8429668586693381,0.9390728176019781,0.8429668586693381,0.9390728176019781,32.0,,simulated_local_4,6.0
0.859504132231405,0.8548565872630043,0.9562647684422021,,,,,fedavg,6.0
0.859504132231405,0.8554799535897645,0.955719175246695,0.8554799535897645,0.955719175246695,35.0,,vlocal,7.0
0.8512396694214877,0.8582011330463144,0.9535515809286197,0.8582011330463144,0.9535515809286197,7.0,,simulated_local_0,7.0
0.8512396694214877,0.8409189295552931,0.9550828591218521,0.8409189295552931,0.9550828591218521,19.0,,simulated_local_1,7.0
0.8512396694214877,0.8378808670944816,0.9362066049341616,0.8378808670944816,0.9362066049341616,35.0,,simulated_local_2,7.0
0.8264462809917356,0.8086596164456102,0.9350108462861716,0.8086596164456102,0.9350108462861716,33.0,,simulated_local_3,7.0
0.8429752066115702,0.8238695239605088,0.9273020012239479,0.8238695239605088,0.9273020012239479,23.0,,simulated_local_4,7.0
0.8347107438016529,0.8265328610783155,0.9504396776437138,,,,,fedavg,7.0
0.859504132231405,0.856639623761975,0.9504602355849778,0.856639623761975,0.9504602355849778,27.0,,vlocal,8.0
0.859504132231405,0.8571123968672522,0.9545461799938678,0.8571123968672522,0.9545461799938678,13.0,,simulated_local_0,8.0
0.8347107438016529,0.8303354399611084,0.9437760106737008,0.8303354399611084,0.9437760106737008,39.0,,simulated_local_1,8.0
0.8512396694214877,0.8418626827717737,0.937245217200472,0.8418626827717737,0.937245217200472,40.0,,simulated_local_2,8.0
0.859504132231405,0.8563375540276439,0.948236554001259,0.8563375540276439,0.948236554001259,30.0,,simulated_local_3,8.0
0.8347107438016529,0.8185040534057374,0.9170655173399583,0.8185040534057374,0.9170655173399583,39.0,,simulated_local_4,8.0
0.8429752066115702,0.8340373431282522,0.948939892694797,,,,,fedavg,8.0
0.859504132231405,0.8550939256821609,0.9457970721052101,0.8550939256821609,0.9457970721052101,15.0,,vlocal,9.0
0.859504132231405,0.8526433062886708,0.9452335680875642,0.8526433062886708,0.9452335680875642,20.0,,simulated_local_0,9.0
0.8512396694214877,0.8413698365670921,0.9574244170478707,0.8413698365670921,0.9574244170478707,46.0,,simulated_local_1,9.0
0.8429752066115702,0.8328904219093237,0.9422222503361227,0.8328904219093237,0.9422222503361227,25.0,,simulated_local_2,9.0
0.8512396694214877,0.8414881083254963,0.9381661834775106,0.8414881083254963,0.9381661834775106,19.0,,simulated_local_3,9.0
0.8347107438016529,0.8255433119069483,0.9364684387605541,0.8255433119069483,0.9364684387605541,46.0,,simulated_local_4,9.0
0.8429752066115702,0.8353576669185588,0.9509786002124103,,,,,fedavg,9.0
0.8677685950413223,0.865081830905481,0.9572478075733928,0.865081830905481,0.9572478075733928,16.0,,vlocal,10.0
0.859504132231405,0.8545895259382397,0.9424325967773186,0.8545895259382397,0.9424325967773186,1.0,,simulated_local_0,10.0
0.859504132231405,0.8510670494197614,0.9562859744820477,0.8510670494197614,0.9562859744820477,1.0,,simulated_local_1,10.0
0.8429752066115702,0.8374882767566786,0.9448230687707605,0.8374882767566786,0.9448230687707605,19.0,,simulated_local_2,10.0
0.8347107438016529,0.8333246104098964,0.9535058572378412,0.8333246104098964,0.9535058572378412,2.0,,simulated_local_3,10.0
0.8181818181818182,0.7993009720980853,0.9245515511055731,0.7993009720980853,0.9245515511055731,42.0,,simulated_local_4,10.0
0.8760330578512396,0.869908878999788,0.951591875560962,,,,,fedavg,10.0
0.8760330578512396,0.8714608030116051,0.958538162761708,0.8714608030116051,0.958538162761708,30.0,,vlocal,11.0
0.8512396694214877,0.8386885841431294,0.9459073349403513,0.8386885841431294,0.9459073349403513,9.0,,simulated_local_0,11.0
0.8677685950413223,0.8626318423109867,0.9349016679597759,0.8626318423109867,0.9349016679597759,27.0,,simulated_local_1,11.0
0.8512396694214877,0.8366982733127574,0.9505823352772018,0.8366982733127574,0.9505823352772018,3.0,,simulated_local_2,11.0
0.8347107438016529,0.8265771661493587,0.937476118831469,0.8265771661493587,0.937476118831469,36.0,,simulated_local_3,11.0
0.8264462809917356,0.8161848522568017,0.9366585637128568,0.8161848522568017,0.9366585637128568,41.0,,simulated_local_4,11.0
0.8512396694214877,0.8350765576320551,0.949957719440725,,,,,fedavg,11.0
0.8842975206611571,0.8758684841329469,0.9525664050086924,0.8758684841329469,0.9525664050086924,47.0,,vlocal,12.0
0.8347107438016529,0.822125004849739,0.9501026637637556,0.822125004849739,0.9501026637637556,47.0,,simulated_local_0,12.0
0.8512396694214877,0.8362429435225647,0.9480243547723411,0.8362429435225647,0.9480243547723411,7.0,,simulated_local_1,12.0
0.8429752066115702,0.8241377036467799,0.9472495011725494,0.8241377036467799,0.9472495011725494,32.0,,simulated_local_2,12.0
0.8512396694214877,0.8405059488907679,0.9430205020963048,0.8405059488907679,0.9430205020963048,3.0,,simulated_local_3,12.0
0.8347107438016529,0.8125486164031975,0.9348325618298504,0.8125486164031975,0.9348325618298504,14.0,,simulated_local_4,12.0
0.8512396694214877,0.8358043242340761,0.9545130124148701,,,,,fedavg,12.0
0.8677685950413223,0.8617408753862399,0.9523972936835463,0.8617408753862399,0.9523972936835463,14.0,,vlocal,13.0
0.8677685950413223,0.862318690980542,0.9444200406248554,0.862318690980542,0.9444200406248554,19.0,,simulated_local_0,13.0
0.8760330578512396,0.87279003126249,0.9537169176113323,0.87279003126249,0.9537169176113323,10.0,,simulated_local_1,13.0
0.8429752066115702,0.8287103437485766,0.9502111998125427,0.8287103437485766,0.9502111998125427,11.0,,simulated_local_2,13.0
0.8677685950413223,0.8600061359825879,0.9375966866732293,0.8600061359825879,0.9375966866732293,20.0,,simulated_local_3,13.0
0.8264462809917356,0.830633162690579,0.9530461899435395,0.830633162690579,0.9530461899435395,2.0,,simulated_local_4,13.0
0.8677685950413223,0.8630873525431554,0.9547113234229295,,,,,fedavg,13.0
0.859504132231405,0.8491369498744005,0.9439791214145629,0.8491369498744005,0.9439791214145629,3.0,,vlocal,14.0
0.8512396694214877,0.8567921383429405,0.958256077119317,0.8567921383429405,0.958256077119317,2.0,,simulated_local_0,14.0
0.859504132231405,0.8494152214364041,0.9567152552715725,0.8494152214364041,0.9567152552715725,0.0,,simulated_local_1,14.0
0.8429752066115702,0.8335634862187519,0.9468036124307335,0.8335634862187519,0.9468036124307335,33.0,,simulated_local_2,14.0
0.859504132231405,0.8458617453962156,0.9476911619619139,0.8458617453962156,0.9476911619619139,0.0,,simulated_local_3,14.0
0.8512396694214877,0.8384665739301203,0.9451168316085807,0.8384665739301203,0.9451168316085807,49.0,,simulated_local_4,14.0
0.8677685950413223,0.8583392365210547,0.9562350070477158,,,,,fedavg,14.0
0.8512396694214877,0.8463927521212701,0.9556409430968423,0.8463927521212701,0.9556409430968423,28.0,,vlocal,15.0
0.8429752066115702,0.8295459625472078,0.9469785053871272,0.8295459625472078,0.9469785053871272,38.0,,simulated_local_0,15.0
0.859504132231405,0.848823787492774,0.9489668127930301,0.848823787492774,0.9489668127930301,2.0,,simulated_local_1,15.0
0.8264462809917356,0.8100219315841558,0.9505995519865542,0.8100219315841558,0.9505995519865542,0.0,,simulated_local_2,15.0
0.8347107438016529,0.8252147139847674,0.9514056374009344,0.8252147139847674,0.9514056374009344,2.0,,simulated_local_3,15.0
0.8429752066115702,0.8340795708311397,0.9490493632424513,0.8340795708311397,0.9490493632424513,29.0,,simulated_local_4,15.0
0.8677685950413223,0.8579207523607202,0.9552120308923322,,,,,fedavg,15.0
0.8925619834710744,0.8887979707061614,0.9539627562658335,0.8887979707061614,0.9539627562658335,7.0,,vlocal,16.0
0.8512396694214877,0.8451301566923809,0.9556146837546142,0.8451301566923809,0.9556146837546142,16.0,,simulated_local_0,16.0
0.8429752066115702,0.8352292437691887,0.9464462032493077,0.8352292437691887,0.9464462032493077,6.0,,simulated_local_1,16.0
0.8512396694214877,0.8440532721444219,0.9392100342607654,0.8440532721444219,0.9392100342607654,7.0,,simulated_local_2,16.0
0.8760330578512396,0.8716078880615333,0.9545631342131227,0.8716078880615333,0.9545631342131227,5.0,,simulated_local_3,16.0
0.8677685950413223,0.8629744910736644,0.9434086620501635,0.8629744910736644,0.9434086620501635,34.0,,simulated_local_4,16.0
0.859504132231405,0.8515490570036024,0.9501604655481443,,,,,fedavg,16.0
0.8677685950413223,0.8639106386517202,0.9528904639820418,0.8639106386517202,0.9528904639820418,30.0,,vlocal,17.0
0.859504132231405,0.8488239033693579,0.9473494147241172,0.8488239033693579,0.9473494147241172,19.0,,simulated_local_0,17.0
0.8512396694214877,0.8422856020311822,0.9584617958502375,0.8422856020311822,0.9584617958502375,4.0,,simulated_local_1,17.0
0.8512396694214877,0.8432251361465836,0.9433801304769287,0.8432251361465836,0.9433801304769287,36.0,,simulated_local_2,17.0
0.8264462809917356,0.827003050913387,0.9505001652883769,0.827003050913387,0.9505001652883769,7.0,,simulated_local_3,17.0
0.8181818181818182,0.8034974066107315,0.9189183797077564,0.8034974066107315,0.9189183797077564,34.0,,simulated_local_4,17.0
0.859504132231405,0.8515490570036024,0.9484998001850325,,,,,fedavg,17.0
0.8760330578512396,0.8720830684467047,0.9572866358931685,0.8720830684467047,0.9572866358931685,12.0,,vlocal,18.0
0.8760330578512396,0.8716645842863702,0.946206117776886,0.8716645842863702,0.946206117776886,2.0,,simulated_local_0,18.0
0.8429752066115702,0.834347000454679,0.9434132919001492,0.834347000454679,0.9434132919001492,17.0,,simulated_local_1,18.0
0.8760330578512396,0.8714364689289849,0.9500306383930656,0.8714364689289849,0.9500306383930656,3.0,,simulated_local_2,18.0
0.8429752066115702,0.8392203215208971,0.9402032353620406,0.8392203215208971,0.9402032353620406,34.0,,simulated_local_3,18.0
0.8512396694214877,0.8380499882892226,0.9366010993039997,0.8380499882892226,0.9366010993039997,46.0,,simulated_local_4,18.0
0.8760330578512396,0.8718283311584746,0.9498884760180973,,,,,fedavg,18.0
0.8842975206611571,0.8811491538764266,0.9620286023467831,0.8811491538764266,0.9620286023467831,16.0,,vlocal,19.0
0.8760330578512396,0.8684313568161759,0.9475537650015521,0.8684313568161759,0.9475537650015521,34.0,,simulated_local_0,19.0
0.859504132231405,0.8541106665170836,0.9507565130354313,0.8541106665170836,0.9507565130354313,2.0,,simulated_local_1,19.0
0.8677685950413223,0.8642225003986951,0.9592207246577874,0.8642225003986951,0.9592207246577874,46.0,,simulated_local_2,19.0
0.8760330578512396,0.8729242016964601,0.9548289695990465,0.8729242016964601,0.9548289695990465,24.0,,simulated_local_3,19.0
0.8099173553719008,0.8073628850488354,0.9138151835732055,0.8073628850488354,0.9138151835732055,21.0,,simulated_local_4,19.0
0.8760330578512396,0.8713336574299141,0.957706594754395,,,,,fedavg,19.0
0.859504132231405,0.855260992451075,0.950498899265934,0.855260992451075,0.950498899265934,48.0,,vlocal,20.0
0.8347107438016529,0.8238944468609538,0.9472791041785222,0.8238944468609538,0.9472791041785222,21.0,,simulated_local_0,20.0
0.8429752066115702,0.8445874408952536,0.9492660994168914,0.8445874408952536,0.9492660994168914,46.0,,simulated_local_1,20.0
0.8760330578512396,0.8719559228650136,0.961714601264064,0.8719559228650136,0.961714601264064,10.0,,simulated_local_2,20.0
0.8842975206611571,0.8804391812656275,0.9577399648433138,0.8804391812656275,0.9577399648433138,7.0,,simulated_local_3,20.0
0.8347107438016529,0.8298946686112461,0.9341267146608027,0.8298946686112461,0.9341267146608027,18.0,,simulated_local_4,20.0
0.8677685950413223,0.861773166521622,0.9558909949088741,,,,,fedavg,20.0
0.8760330578512396,0.8722407069514506,0.9398342819206943,0.8722407069514506,0.9398342819206943,49.0,,vlocal,21.0
0.8512396694214877,0.8389979717252445,0.9505539095064438,0.8389979717252445,0.9505539095064438,23.0,,simulated_local_0,21.0
0.8677685950413223,0.8638557418160259,0.9492510572886556,0.8638557418160259,0.9492510572886556,7.0,,simulated_local_1,21.0
0.8677685950413223,0.8634381674000282,0.9507039256832841,0.8634381674000282,0.9507039256832841,18.0,,simulated_local_2,21.0
0.8429752066115702,0.8435462973445539,0.9519669606706214,0.8435462973445539,0.9519669606706214,3.0,,simulated_local_3,21.0
0.8347107438016529,0.8198841905373236,0.9375571613934114,0.8198841905373236,0.9375571613934114,39.0,,simulated_local_4,21.0
0.8512396694214877,0.8459390812389749,0.9506605140594928,,,,,fedavg,21.0
0.8429752066115702,0.8395710261738969,0.9417272213391457,0.8395710261738969,0.9417272213391457,29.0,,vlocal,22.0
0.8512396694214877,0.8474566134993942,0.940370609817195,0.8474566134993942,0.940370609817195,46.0,,simulated_local_0,22.0
0.8264462809917356,0.8220518162173521,0.9459610138589998,0.8220518162173521,0.9459610138589998,43.0,,simulated_local_1,22.0
0.8347107438016529,0.8240105965005727,0.9505898678781454,0.8240105965005727,0.9505898678781454,21.0,,simulated_local_2,22.0
0.8429752066115702,0.8283928507412793,0.9478270685476684,0.8283928507412793,0.9478270685476684,22.0,,simulated_local_3,22.0
0.8264462809917356,0.8222471046406604,0.9381608379273131,0.8222471046406604,0.9381608379273131,49.0,,simulated_local_4,22.0
0.8512396694214877,0.8436408963514458,0.9498560034295209,,,,,fedavg,22.0
0.8760330578512396,0.8724062656207066,0.9589695607452438,0.8724062656207066,0.9589695607452438,15.0,,vlocal,23.0
0.8677685950413223,0.8646932131229652,0.9514790893140713,0.8646932131229652,0.9514790893140713,16.0,,simulated_local_0,23.0
0.8677685950413223,0.86138502427419,0.9568513151216637,0.86138502427419,0.9568513151216637,1.0,,simulated_local_1,23.0
0.8677685950413223,0.8602328706426973,0.9594417127704267,0.8602328706426973,0.9594417127704267,5.0,,simulated_local_2,23.0
0.8429752066115702,0.8321566428866687,0.9497539632724417,0.8321566428866687,0.9497539632724417,11.0,,simulated_local_3,23.0
0.8099173553719008,0.7908234879431999,0.944552988258428,0.7908234879431999,0.944552988258428,46.0,,simulated_local_4,23.0
0.8512396694214877,0.844806397516947,0.9581374098521417,,,,,fedavg,23.0
0.8677685950413223,0.8636625900352272,0.9523456447758313,0.8636625900352272,0.9523456447758313,33.0,,vlocal,24.0
0.859504132231405,0.8522202315590744,0.9325105837796656,0.8522202315590744,0.9325105837796656,44.0,,simulated_local_0,24.0
0.8264462809917356,0.8165066373456372,0.9308797608152614,0.8165066373456372,0.9308797608152614,40.0,,simulated_local_1,24.0
0.8512396694214877,0.8501824621659332,0.9471885886442739,0.8501824621659332,0.9471885886442739,4.0,,simulated_local_2,24.0
0.8347107438016529,0.8347165312405953,0.9567580489667602,0.8347165312405953,0.9567580489667602,14.0,,simulated_local_3,24.0
0.8677685950413223,0.8642059862271689,0.9544696640832541,0.8642059862271689,0.9544696640832541,1.0,,simulated_local_4,24.0
0.859504132231405,0.855260992451075,0.9537227531997631,,,,,fedavg,24.0
0.8842975206611571,0.8808357474985342,0.9569336524242618,0.8808357474985342,0.9569336524242618,7.0,,vlocal,25.0
0.8429752066115702,0.8362543357758668,0.944636201838465,0.8362543357758668,0.944636201838465,32.0,,simulated_local_0,25.0
0.8677685950413223,0.8642530797158108,0.9517504277098542,0.8642530797158108,0.9517504277098542,1.0,,simulated_local_1,25.0
0.8181818181818182,0.811984177814149,0.9131041628069343,0.811984177814149,0.9131041628069343,33.0,,simulated_local_2,25.0
0.859504132231405,0.8534859080313626,0.9379729742725655,0.8534859080313626,0.9379729742725655,5.0,,simulated_local_3,25.0
0.8099173553719008,0.790348012868674,0.9187523441323702,0.790348012868674,0.9187523441323702,38.0,,simulated_local_4,25.0
0.8429752066115702,0.8344037780401415,0.9419656404154378,,,,,fedavg,25.0
0.8512396694214877,0.8419519874065328,0.9414235992642056,0.8419519874065328,0.9414235992642056,23.0,,vlocal,26.0
0.8512396694214877,0.8387370205552023,0.9281156258970968,0.8387370205552023,0.9281156258970968,21.0,,simulated_local_0,26.0
0.859504132231405,0.8549318773917703,0.9504493910874623,0.8549318773917703,0.9504493910874623,37.0,,simulated_local_1,26.0
0.8429752066115702,0.8356105327179707,0.9444320694302014,0.8356105327179707,0.9444320694302014,2.0,,simulated_local_2,26.0
0.8512396694214877,0.8377646711704997,0.9377827707880269,0.8377646711704997,0.9377827707880269,1.0,,simulated_local_3,26.0
0.859504132231405,0.845700709999033,0.9423677394323012,0.845700709999033,0.9423677394323012,0.0,,simulated_local_4,26.0
0.8512396694214877,0.8460208615851734,0.9439826794214465,,,,,fedavg,26.0
0.859504132231405,0.8549667801004699,0.9593002768154038,0.8549667801004699,0.9593002768154038,33.0,,vlocal,27.0
0.8429752066115702,0.8344080838553778,0.9483567930332838,0.8344080838553778,0.9483567930332838,4.0,,simulated_local_0,27.0
0.8677685950413223,0.8596782281079802,0.9481672696146234,0.8596782281079802,0.9481672696146234,10.0,,simulated_local_1,27.0
0.859504132231405,0.8568325613780158,0.9461909059542595,0.8568325613780158,0.9461909059542595,49.0,,simulated_local_2,27.0
0.859504132231405,0.8555254269539982,0.9479061206134478,0.8555254269539982,0.9479061206134478,43.0,,simulated_local_3,27.0
0.8512396694214877,0.8473003354903393,0.9433718293425066,0.8473003354903393,0.9433718293425066,10.0,,simulated_local_4,27.0
0.8760330578512396,0.8714679260133804,0.9523470294813774,,,,,fedavg,27.0
0.8512396694214877,0.8499053578000946,0.9480831005897643,0.8499053578000946,0.9480831005897643,36.0,,vlocal,28.0
0.8264462809917356,0.8323829352078597,0.9538725233589235,0.8323829352078597,0.9538725233589235,23.0,,simulated_local_0,28.0
0.859504132231405,0.8536696426885445,0.9528697215950953,0.8536696426885445,0.9528697215950953,28.0,,simulated_local_1,28.0
0.8264462809917356,0.8192386366418636,0.9478923794666894,0.8192386366418636,0.9478923794666894,45.0,,simulated_local_2,28.0
0.8264462809917356,0.816291801792377,0.9434210920606729,0.816291801792377,0.9434210920606729,13.0,,simulated_local_3,28.0
0.8347107438016529,0.8225823763013843,0.9445722916013669,0.8225823763013843,0.9445722916013669,10.0,,simulated_local_4,28.0
0.8512396694214877,0.8465103308078515,0.9536819184131387,,,,,fedavg,28.0
0.8429752066115702,0.8390540588887696,0.9552495515538365,0.8390540588887696,0.9552495515538365,23.0,,vlocal,29.0
0.8512396694214877,0.838773347864257,0.946914294914342,0.838773347864257,0.946914294914342,27.0,,simulated_local_0,29.0
0.8429752066115702,0.8351396572164103,0.9353437075619577,0.8351396572164103,0.9353437075619577,28.0,,simulated_local_1,29.0
0.8429752066115702,0.8381294594733328,0.9479053406722918,0.8381294594733328,0.9479053406722918,5.0,,simulated_local_2,29.0
0.8512396694214877,0.8436321254503072,0.9448273932959753,0.8436321254503072,0.9448273932959753,13.0,,simulated_local_3,29.0
0.8429752066115702,0.8302688893597985,0.9508618506454055,0.8302688893597985,0.9508618506454055,4.0,,simulated_local_4,29.0
0.8347107438016529,0.8271940181031089,0.952381234197996,,,,,fedavg,29.0
0.8347107438016529,0.8302249175726213,0.9444118412107684,0.8302249175726213,0.9444118412107684,26.0,,vlocal,30.0
0.8512396694214877,0.8433293978748523,0.9644014774832655,0.8433293978748523,0.9644014774832655,14.0,,simulated_local_0,30.0
0.8264462809917356,0.8228637432381328,0.9548678474309217,0.8228637432381328,0.9548678474309217,18.0,,simulated_local_1,30.0
0.8181818181818182,0.8156290981790256,0.9520655890764015,0.8156290981790256,0.9520655890764015,21.0,,simulated_local_2,30.0
0.8264462809917356,0.8179215002400991,0.9215104370986178,0.8179215002400991,0.9215104370986178,49.0,,simulated_local_3,30.0
0.8677685950413223,0.8623326070810624,0.9470033391454785,0.8623326070810624,0.9470033391454785,16.0,,simulated_local_4,30.0
0.8512396694214877,0.8436408963514458,0.9552853985012629,,,,,fedavg,30.0
0.859504132231405,0.8559492455596351,0.9485628323359916,0.8559492455596351,0.9485628323359916,17.0,,vlocal,31.0
0.8429752066115702,0.835009343273806,0.9507362821717115,0.835009343273806,0.9507362821717115,46.0,,simulated_local_0,31.0
0.8677685950413223,0.8663743183223701,0.9566669320221679,0.8663743183223701,0.9566669320221679,47.0,,simulated_local_1,31.0
0.8347107438016529,0.8257212025807068,0.9420983607677064,0.8257212025807068,0.9420983607677064,43.0,,simulated_local_2,31.0
0.8429752066115702,0.828233563665993,0.9435604532061588,0.828233563665993,0.9435604532061588,10.0,,simulated_local_3,31.0
0.8429752066115702,0.8400540000628777,0.9486815014377915,0.8400540000628777,0.9486815014377915,22.0,,simulated_local_4,31.0
0.8264462809917356,0.8193473193473193,0.953048429524047,,,,,fedavg,31.0
0.859504132231405,0.854294695203786,0.951239873064178,0.854294695203786,0.951239873064178,36.0,,vlocal,32.0
0.8429752066115702,0.8408178414789985,0.9514181010201972,0.8408178414789985,0.9514181010201972,18.0,,simulated_local_0,32.0
0.8429752066115702,0.837744809400681,0.9501286610047518,0.837744809400681,0.9501286610047518,47.0,,simulated_local_1,32.0
0.8429752066115702,0.8342380185275153,0.9518003455834099,0.8342380185275153,0.9518003455834099,19.0,,simulated_local_2,32.0
0.8429752066115702,0.8347065056155963,0.9310088054418039,0.8347065056155963,0.9310088054418039,24.0,,simulated_local_3,32.0
0.8181818181818182,0.8084582229427814,0.9421103948723759,0.8084582229427814,0.9421103948723759,0.0,,simulated_local_4,32.0
0.8512396694214877,0.8436792164064891,0.9519153441288696,,,,,fedavg,32.0
0.859504132231405,0.8571783969087575,0.9531397150419585,0.8571783969087575,0.9531397150419585,24.0,,vlocal,33.0
0.8512396694214877,0.8378769990340237,0.9467484499144908,0.8378769990340237,0.9467484499144908,32.0,,simulated_local_0,33.0
0.8264462809917356,0.8135031635031634,0.9532429825179536,0.8135031635031634,0.9532429825179536,5.0,,simulated_local_1,33.0
0.859504132231405,0.8601115955751419,0.9512539170577153,0.8601115955751419,0.9512539170577153,14.0,,simulated_local_2,33.0
0.8264462809917356,0.8111168419916275,0.9370239430454306,0.8111168419916275,0.9370239430454306,11.0,,simulated_local_3,33.0
0.8429752066115702,0.8358426543019419,0.9529831222632098,0.8358426543019419,0.9529831222632098,4.0,,simulated_local_4,33.0
0.8677685950413223,0.86138502427419,0.9545161864667397,,,,,fedavg,33.0
0.8677685950413223,0.8627161031596642,0.9554702224696008,0.8627161031596642,0.9554702224696008,25.0,,vlocal,34.0
0.859504132231405,0.8485198153372174,0.9535830205979788,0.8485198153372174,0.9535830205979788,5.0,,simulated_local_0,34.0
0.859504132231405,0.863027632392514,0.9534679938910485,0.863027632392514,0.9534679938910485,8.0,,simulated_local_1,34.0
0.8347107438016529,0.8320006641482267,0.9526325473673461,0.8320006641482267,0.9526325473673461,17.0,,simulated_local_2,34.0
0.8429752066115702,0.8429027113237638,0.9416594204675888,0.8429027113237638,0.9416594204675888,13.0,,simulated_local_3,34.0
0.8429752066115702,0.836713454895273,0.9539613355481538,0.836713454895273,0.9539613355481538,0.0,,simulated_local_4,34.0
0.859504132231405,0.8548565872630043,0.9540188569267969,,,,,fedavg,34.0
0.8512396694214877,0.8482472213624265,0.9517025160410582,0.8482472213624265,0.9517025160410582,41.0,,vlocal,35.0
0.8347107438016529,0.8330168864017994,0.9427944549327089,0.8330168864017994,0.9427944549327089,18.0,,simulated_local_0,35.0
0.859504132231405,0.8563557654466746,0.945134027267016,0.8563557654466746,0.945134027267016,3.0,,simulated_local_1,35.0
0.859504132231405,0.8548018438207455,0.9446860636679242,0.8548018438207455,0.9446860636679242,32.0,,simulated_local_2,35.0
0.8512396694214877,0.8482875260246489,0.956011135985607,0.8482875260246489,0.956011135985607,33.0,,simulated_local_3,35.0
0.8264462809917356,0.8174967163565757,0.9370539408058212,0.8174967163565757,0.9370539408058212,8.0,,simulated_local_4,35.0
0.859504132231405,0.854495336966652,0.953294317948311,,,,,fedavg,35.0
0.8512396694214877,0.8478119283314087,0.9542254783182773,0.8478119283314087,0.9542254783182773,19.0,,vlocal,36.0
0.8429752066115702,0.829457165887777,0.9470360265861969,0.829457165887777,0.9470360265861969,28.0,,simulated_local_0,36.0
0.8760330578512396,0.8726643053915781,0.9571456846116118,0.8726643053915781,0.9571456846116118,21.0,,simulated_local_1,36.0
0.8512396694214877,0.8397188822617302,0.9416348804910176,0.8397188822617302,0.9416348804910176,9.0,,simulated_local_2,36.0
0.8429752066115702,0.8339751024337398,0.9457124350395912,0.8339751024337398,0.9457124350395912,43.0,,simulated_local_3,36.0
0.859504132231405,0.8563510476143297,0.9416317316281666,0.8563510476143297,0.9416317316281666,31.0,,simulated_local_4,36.0
0.8429752066115702,0.836405179243982,0.9517611338511354,,,,,fedavg,36.0
0.8760330578512396,0.871113271754983,0.954253918340492,0.871113271754983,0.954253918340492,47.0,,vlocal,37.0
0.859504132231405,0.8510287594135785,0.9430829070551185,0.8510287594135785,0.9430829070551185,15.0,,simulated_local_0,37.0
0.859504132231405,0.853416794754702,0.9546007819395268,0.853416794754702,0.9546007819395268,34.0,,simulated_local_1,37.0
0.8512396694214877,0.8480337438428991,0.9603145421071375,0.8480337438428991,0.9603145421071375,19.0,,simulated_local_2,37.0
0.8347107438016529,0.8372451790633608,0.9613527643944918,0.8372451790633608,0.9613527643944918,12.0,,simulated_local_3,37.0
0.8429752066115702,0.8336689630269761,0.9518899103392252,0.8336689630269761,0.9518899103392252,2.0,,simulated_local_4,37.0
0.859504132231405,0.8542872763536934,0.9593805987597207,,,,,fedavg,37.0
0.8347107438016529,0.8332458984098827,0.9425267984117898,0.8332458984098827,0.9425267984117898,45.0,,vlocal,38.0
0.8347107438016529,0.8268636356972549,0.944016827230244,0.8268636356972549,0.944016827230244,35.0,,simulated_local_0,38.0
0.8677685950413223,0.8646202282565919,0.9581509142488721,0.8646202282565919,0.9581509142488721,17.0,,simulated_local_1,38.0
0.8842975206611571,0.8736717827626916,0.9471342472333183,0.8736717827626916,0.9471342472333183,14.0,,simulated_local_2,38.0
0.8429752066115702,0.8406675497910818,0.9421242695973782,0.8406675497910818,0.9421242695973782,33.0,,simulated_local_3,38.0
0.8677685950413223,0.8624408190523892,0.9559709015261926,0.8624408190523892,0.9559709015261926,0.0,,simulated_local_4,38.0
0.859504132231405,0.8548565872630043,0.9556467322452135,,,,,fedavg,38.0
0.859504132231405,0.8552870774629595,0.9427694731688769,0.8552870774629595,0.9427694731688769,25.0,,vlocal,39.0
0.8264462809917356,0.8252431905558919,0.9484549923816255,0.8252431905558919,0.9484549923816255,45.0,,simulated_local_0,39.0
0.8677685950413223,0.8574218116998866,0.9555437965596258,0.8574218116998866,0.9555437965596258,13.0,,simulated_local_1,39.0
0.859504132231405,0.856031645122554,0.9576043288815916,0.856031645122554,0.9576043288815916,13.0,,simulated_local_2,39.0
0.8347107438016529,0.8242895866111353,0.9483567389154959,0.8242895866111353,0.9483567389154959,5.0,,simulated_local_3,39.0
0.8512396694214877,0.8462795403019562,0.9391913209457838,0.8462795403019562,0.9391913209457838,37.0,,simulated_local_4,39.0
0.8677685950413223,0.8634252516160705,0.9543179445512784,,,,,fedavg,39.0
0.8677685950413223,0.8636625900352272,0.9525612240811906,0.8636625900352272,0.9525612240811906,20.0,,vlocal,40.0
0.8512396694214877,0.8421404123883462,0.9512829077499275,0.8421404123883462,0.9512829077499275,0.0,,simulated_local_0,40.0
0.8429752066115702,0.8389991837304017,0.9371322729896591,0.8389991837304017,0.9371322729896591,40.0,,simulated_local_1,40.0
0.859504132231405,0.8564012021036813,0.9477588636717461,0.8564012021036813,0.9477588636717461,34.0,,simulated_local_2,40.0
0.859504132231405,0.8563383187785101,0.9511112630852568,0.8563383187785101,0.9511112630852568,30.0,,simulated_local_3,40.0
0.859504132231405,0.8499809532787146,0.9151602052260208,0.8499809532787146,0.9151602052260208,40.0,,simulated_local_4,40.0
0.8347107438016529,0.8275701691040566,0.9506389476593019,,,,,fedavg,40.0
0.8677685950413223,0.8626292801050082,0.953772982050238,0.8626292801050082,0.953772982050238,19.0,,vlocal,41.0
0.8512396694214877,0.8477149410304489,0.9575861999743505,0.8477149410304489,0.9575861999743505,9.0,,simulated_local_0,41.0
0.8347107438016529,0.8218499625017635,0.9542961712403439,0.8218499625017635,0.9542961712403439,12.0,,simulated_local_1,41.0
0.8429752066115702,0.834844079133576,0.9543661282165181,0.834844079133576,0.9543661282165181,6.0,,simulated_local_2,41.0
0.8429752066115702,0.8328586816109884,0.9505888409480935,0.8328586816109884,0.9505888409480935,39.0,,simulated_local_3,41.0
0.8512396694214877,0.8458312432995977,0.9496585639149026,0.8458312432995977,0.9496585639149026,40.0,,simulated_local_4,41.0
0.8429752066115702,0.834404075055876,0.9565092365917136,,,,,fedavg,41.0
0.859504132231405,0.8557591169161416,0.9500960146763155,0.8557591169161416,0.9500960146763155,34.0,,vlocal,42.0
0.8760330578512396,0.873759288561678,0.9658884351228717,0.873759288561678,0.9658884351228717,7.0,,simulated_local_0,42.0
0.859504132231405,0.856567981309063,0.953240007900804,0.856567981309063,0.953240007900804,4.0,,simulated_local_1,42.0
0.8512396694214877,0.8455951462482795,0.9533606007279813,0.8455951462482795,0.9533606007279813,24.0,,simulated_local_2,42.0
0.8512396694214877,0.8443311509427213,0.9440180784315262,0.8443311509427213,0.9440180784315262,20.0,,simulated_local_3,42.0
0.8347107438016529,0.8331349501562269,0.9503477512379935,0.8331349501562269,0.9503477512379935,4.0,,simulated_local_4,42.0
0.8677685950413223,0.8630970217297746,0.9631356775368749,,,,,fedavg,42.0
0.8760330578512396,0.8728697107328783,0.9461028242623746,0.8728697107328783,0.9461028242623746,26.0,,vlocal,43.0
0.859504132231405,0.8554175689810108,0.9487559225783558,0.8554175689810108,0.9487559225783558,30.0,,simulated_local_0,43.0
0.8512396694214877,0.8478509931180971,0.9511301908432805,0.8478509931180971,0.9511301908432805,7.0,,simulated_local_1,43.0
0.8429752066115702,0.833310494006614,0.944973827977806,0.833310494006614,0.944973827977806,49.0,,simulated_local_2,43.0
0.859504132231405,0.8571993562992661,0.9532714687880081,0.8571993562992661,0.9532714687880081,5.0,,simulated_local_3,43.0
0.8347107438016529,0.83330038772959,0.9395288894463629,0.83330038772959,0.9395288894463629,1.0,,simulated_local_4,43.0
0.859504132231405,0.8543335452426359,0.9531930333372244,,,,,fedavg,43.0
0.859504132231405,0.855260992451075,0.9451191910953799,0.855260992451075,0.9451191910953799,33.0,,vlocal,44.0
0.8429752066115702,0.8303071295483208,0.9297659772170442,0.8303071295483208,0.9297659772170442,28.0,,simulated_local_0,44.0
0.859504132231405,0.8544779895429244,0.9493164928100758,0.8544779895429244,0.9493164928100758,12.0,,simulated_local_1,44.0
0.859504132231405,0.8562176791841862,0.9560545257924467,0.8562176791841862,0.9560545257924467,12.0,,simulated_local_2,44.0
0.8512396694214877,0.8447859667660415,0.950798882262745,0.8447859667660415,0.950798882262745,14.0,,simulated_local_3,44.0
0.8099173553719008,0.7987678016360562,0.9245193845037878,0.7987678016360562,0.9245193845037878,26.0,,simulated_local_4,44.0
0.8429752066115702,0.8345223468142802,0.9510515789726247,,,,,fedavg,44.0
0.8677685950413223,0.8630970217297746,0.9512636088109726,0.8630970217297746,0.9512636088109726,13.0,,vlocal,45.0
0.859504132231405,0.8564283041881996,0.9489227095205344,0.8564283041881996,0.9489227095205344,40.0,,simulated_local_0,45.0
0.8512396694214877,0.8413736661670546,0.946093447478076,0.8413736661670546,0.946093447478076,39.0,,simulated_local_1,45.0
0.8677685950413223,0.8640139133530578,0.9534613596228725,0.8640139133530578,0.9534613596228725,36.0,,simulated_local_2,45.0
0.8512396694214877,0.8462784986849157,0.9407836373999312,0.8462784986849157,0.9407836373999312,47.0,,simulated_local_3,45.0
0.8512396694214877,0.8468107649925831,0.9446859682203425,0.8468107649925831,0.9446859682203425,46.0,,simulated_local_4,45.0
0.8512396694214877,0.844687481976892,0.9516424096947921,,,,,fedavg,45.0
0.8677685950413223,0.863892764719211,0.9488938610741628,0.863892764719211,0.9488938610741628,37.0,,vlocal,46.0
0.8429752066115702,0.838071973688412,0.949517344801244,0.838071973688412,0.949517344801244,7.0,,simulated_local_0,46.0
0.8760330578512396,0.8714716773771576,0.9605218730427364,0.8714716773771576,0.9605218730427364,22.0,,simulated_local_1,46.0
0.8760330578512396,0.8713336574299141,0.9541195381218777,0.8713336574299141,0.9541195381218777,27.0,,simulated_local_2,46.0
0.8264462809917356,0.8252728929762422,0.9302539988626336,0.8252728929762422,0.9302539988626336,23.0,,simulated_local_3,46.0
0.8512396694214877,0.8455421489333678,0.9524374277273814,0.8455421489333678,0.9524374277273814,7.0,,simulated_local_4,46.0
0.8760330578512396,0.8713336574299141,0.9519002572017139,,,,,fedavg,46.0
0.8677685950413223,0.8640856978519316,0.9459278461940089,0.8640856978519316,0.9459278461940089,8.0,,vlocal,47.0
0.8512396694214877,0.8449983357433577,0.959879617252854,0.8449983357433577,0.959879617252854,17.0,,simulated_local_0,47.0
0.8429752066115702,0.8442961079324715,0.9485435382708214,0.8442961079324715,0.9485435382708214,0.0,,simulated_local_1,47.0
0.8677685950413223,0.8637581787545681,0.9439880944790324,0.8637581787545681,0.9439880944790324,13.0,,simulated_local_2,47.0
0.859504132231405,0.8537883867896319,0.9489323193407184,0.8537883867896319,0.9489323193407184,2.0,,simulated_local_3,47.0
0.859504132231405,0.855260992451075,0.9450706280156876,0.855260992451075,0.9450706280156876,28.0,,simulated_local_4,47.0
0.8677685950413223,0.8634252516160705,0.9524353346765613,,,,,fedavg,47.0
0.859504132231405,0.8552870774629595,0.9496719215679114,0.8552870774629595,0.9496719215679114,49.0,,vlocal,48.0
0.8512396694214877,0.8470517690719163,0.9444615181971435,0.8470517690719163,0.9444615181971435,28.0,,simulated_local_0,48.0
0.8677685950413223,0.8624854748255631,0.9502510923644002,0.8624854748255631,0.9502510923644002,30.0,,simulated_local_1,48.0
0.8512396694214877,0.8479223094196355,0.9461322222541941,0.8479223094196355,0.9461322222541941,13.0,,simulated_local_2,48.0
0.8677685950413223,0.8641892201399347,0.9524642911378348,0.8641892201399347,0.9524642911378348,46.0,,simulated_local_3,48.0
0.8677685950413223,0.8639084997936671,0.939062885426282,0.8639084997936671,0.939062885426282,29.0,,simulated_local_4,48.0
0.8512396694214877,0.8451364326831325,0.9522549182638718,,,,,fedavg,48.0
0.8677685950413223,0.8634422955146946,0.9506033910915541,0.8634422955146946,0.9506033910915541,27.0,,vlocal,49.0
0.8677685950413223,0.8600339872330707,0.9523700456503678,0.8600339872330707,0.9523700456503678,38.0,,simulated_local_0,49.0
0.859504132231405,0.8512199463561102,0.9540643857540838,0.8512199463561102,0.9540643857540838,0.0,,simulated_local_1,49.0
0.8760330578512396,0.8714608030116051,0.9464834927253588,0.8714608030116051,0.9464834927253588,25.0,,simulated_local_2,49.0
0.8760330578512396,0.8702829007366665,0.9508501712625271,0.8702829007366665,0.9508501712625271,3.0,,simulated_local_3,49.0
0.8264462809917356,0.8282565918929555,0.9491654935501725,0.8282565918929555,0.9491654935501725,9.0,,simulated_local_4,49.0
0.8677685950413223,0.8627564256866993,0.9559941854163158,,,,,fedavg,49.0
0.8677685950413223,0.8638186056367875,0.9505421918022647,0.8638186056367875,0.9505421918022647,25.0,,vlocal,50.0
0.8512396694214877,0.839632882563156,0.9462938615953013,0.839632882563156,0.9462938615953013,6.0,,simulated_local_0,50.0
0.859504132231405,0.8528182535399389,0.9524216194835907,0.8528182535399389,0.9524216194835907,0.0,,simulated_local_1,50.0
0.8181818181818182,0.8160402728584546,0.9557383563232746,0.8160402728584546,0.9557383563232746,6.0,,simulated_local_2,50.0
0.8512396694214877,0.847764592746883,0.9453607186914363,0.847764592746883,0.9453607186914363,21.0,,simulated_local_3,50.0
0.8429752066115702,0.8304821536382427,0.9482851012806701,0.8304821536382427,0.9482851012806701,2.0,,simulated_local_4,50.0
0.8677685950413223,0.8634252516160705,0.9523702641771334,,,,,fedavg,50.0
0.8677685950413223,0.8631210500729216,0.9500202087154422,0.8631210500729216,0.9500202087154422,44.0,,vlocal,51.0
0.859504132231405,0.854495336966652,0.9405138401137276,0.854495336966652,0.9405138401137276,25.0,,simulated_local_0,51.0
0.8264462809917356,0.8190963173070209,0.9306469446098787,0.8190963173070209,0.9306469446098787,7.0,,simulated_local_1,51.0
0.859504132231405,0.8545187231293578,0.9529319525029568,0.8545187231293578,0.9529319525029568,38.0,,simulated_local_2,51.0
0.859504132231405,0.8542790542790544,0.9526877148920534,0.8542790542790544,0.9526877148920534,37.0,,simulated_local_3,51.0
0.8181818181818182,0.8169439376050946,0.9347317446942452,0.8169439376050946,0.9347317446942452,38.0,,simulated_local_4,51.0
0.8429752066115702,0.834404075055876,0.9528669590153949,,,,,fedavg,51.0
0.8842975206611571,0.8806707284306239,0.959407067719894,0.8806707284306239,0.959407067719894,44.0,,vlocal,52.0
0.8677685950413223,0.860735124461497,0.9418771706582592,0.860735124461497,0.9418771706582592,34.0,,simulated_local_0,52.0
0.8512396694214877,0.843662344301349,0.9545702923590753,0.843662344301349,0.9545702923590753,3.0,,simulated_local_1,52.0
0.8512396694214877,0.8482842765798204,0.9322740327128198,0.8482842765798204,0.9322740327128198,40.0,,simulated_local_2,52.0
0.859504132231405,0.8544525627962738,0.9555946956468434,0.8544525627962738,0.9555946956468434,23.0,,simulated_local_3,52.0
0.8347107438016529,0.8227892675795664,0.9473496740315225,0.8227892675795664,0.9473496740315225,20.0,,simulated_local_4,52.0
0.8512396694214877,0.8428607755880482,0.955581176303756,,,,,fedavg,52.0
0.8512396694214877,0.8469578536801048,0.9487105115511626,0.8469578536801048,0.9487105115511626,46.0,,vlocal,53.0
0.8429752066115702,0.833578224008846,0.9421706686506564,0.833578224008846,0.9421706686506564,31.0,,simulated_local_0,53.0
0.8512396694214877,0.8426785335876245,0.9554742258017911,0.8426785335876245,0.9554742258017911,2.0,,simulated_local_1,53.0
0.8760330578512396,0.8712045448482729,0.9561598305321964,0.8712045448482729,0.9561598305321964,18.0,,simulated_local_2,53.0
0.8264462809917356,0.8117127403466734,0.941225924956218,0.8117127403466734,0.941225924956218,49.0,,simulated_local_3,53.0
0.859504132231405,0.8550573495559209,0.9333660905612337,0.8550573495559209,0.9333660905612337,49.0,,simulated_local_4,53.0
0.8429752066115702,0.8354481881754608,0.9489347131014526,,,,,fedavg,53.0
0.8677685950413223,0.8634252516160705,0.9541301087035965,0.8634252516160705,0.9541301087035965,44.0,,vlocal,54.0
0.8264462809917356,0.8249241001226879,0.9617434371576584,0.8249241001226879,0.9617434371576584,33.0,,simulated_local_0,54.0
0.8347107438016529,0.8275110430771185,0.9434195069058783,0.8275110430771185,0.9434195069058783,8.0,,simulated_local_1,54.0
0.859504132231405,0.8562672176308539,0.9408445204272041,0.8562672176308539,0.9408445204272041,36.0,,simulated_local_2,54.0
0.8512396694214877,0.8468760273156501,0.9481979715733347,0.8468760273156501,0.9481979715733347,3.0,,simulated_local_3,54.0
0.8512396694214877,0.8436408963514458,0.9421515950148486,0.8436408963514458,0.9421515950148486,22.0,,simulated_local_4,54.0
0.8429752066115702,0.8357341734590156,0.95258873009394,,,,,fedavg,54.0
0.8677685950413223,0.863187467072066,0.9514037858907793,0.863187467072066,0.9514037858907793,37.0,,vlocal,55.0
0.8512396694214877,0.8470066729806989,0.949652509590414,0.8470066729806989,0.949652509590414,23.0,,simulated_local_0,55.0
0.859504132231405,0.8527145581691035,0.9581605174763586,0.8527145581691035,0.9581605174763586,10.0,,simulated_local_1,55.0
0.859504132231405,0.8545151817879089,0.9530428683964574,0.8545151817879089,0.9530428683964574,23.0,,simulated_local_2,55.0
0.8264462809917356,0.8122401507934836,0.926691696195737,0.8122401507934836,0.926691696195737,49.0,,simulated_local_3,55.0
0.8677685950413223,0.8607988980716252,0.9470459846733162,0.8607988980716252,0.9470459846733162,20.0,,simulated_local_4,55.0
0.8512396694214877,0.8444948990403535,0.9501244673363523,,,,,fedavg,55.0
0.8842975206611571,0.8804532425672051,0.9541478806159204,0.8804532425672051,0.9541478806159204,12.0,,vlocal,56.0
0.7851239669421488,0.8053650962012653,0.9555150253473746,0.8053650962012653,0.9555150253473746,26.0,,simulated_local_0,56.0
0.859504132231405,0.8550695915995405,0.9529742054635096,0.8550695915995405,0.9529742054635096,5.0,,simulated_local_1,56.0
0.8512396694214877,0.8441942331118292,0.9513777769300638,0.8441942331118292,0.9513777769300638,11.0,,simulated_local_2,56.0
0.8347107438016529,0.8331281001241475,0.9479606579896813,0.8331281001241475,0.9479606579896813,5.0,,simulated_local_3,56.0
0.8429752066115702,0.8343032193705804,0.949785520855392,0.8343032193705804,0.949785520855392,3.0,,simulated_local_4,56.0
0.859504132231405,0.8515490570036024,0.9587247251684626,,,,,fedavg,56.0
0.859504132231405,0.8552879343878442,0.951878165980984,0.8552879343878442,0.951878165980984,33.0,,vlocal,57.0
0.8677685950413223,0.86413366248077,0.9547767553753207,0.86413366248077,0.9547767553753207,10.0,,simulated_local_0,57.0
0.8512396694214877,0.8426273756852268,0.9481349024532532,0.8426273756852268,0.9481349024532532,40.0,,simulated_local_1,57.0
0.859504132231405,0.8557052901649616,0.9584047703526151,0.8557052901649616,0.9584047703526151,15.0,,simulated_local_2,57.0
0.8429752066115702,0.8375982946150642,0.9513278276532247,0.8375982946150642,0.9513278276532247,17.0,,simulated_local_3,57.0
0.8512396694214877,0.8425326096369581,0.9535494386723669,0.8425326096369581,0.9535494386723669,1.0,,simulated_local_4,57.0
0.8512396694214877,0.8444948990403535,0.955507657093759,,,,,fedavg,57.0
0.8760330578512396,0.8697375682509884,0.9500231323339503,0.8697375682509884,0.9500231323339503,17.0,,vlocal,58.0
0.8677685950413223,0.8587352041897496,0.9448080155778703,0.8587352041897496,0.9448080155778703,13.0,,simulated_local_0,58.0
0.8512396694214877,0.8480942332973279,0.9447048325195795,0.8480942332973279,0.9447048325195795,31.0,,simulated_local_1,58.0
0.8512396694214877,0.8425580480125935,0.9509000035138432,0.8425580480125935,0.9509000035138432,5.0,,simulated_local_2,58.0
0.8429752066115702,0.8299745352712905,0.94422551896215,0.8299745352712905,0.94422551896215,1.0,,simulated_local_3,58.0
0.8512396694214877,0.8461245859499407,0.9443650273284296,0.8461245859499407,0.9443650273284296,10.0,,simulated_local_4,58.0
0.8429752066115702,0.8357341734590156,0.9477512379510407,,,,,fedavg,58.0
0.8677685950413223,0.8639287984742529,0.9571113344266249,0.8639287984742529,0.9571113344266249,46.0,,vlocal,59.0
0.8429752066115702,0.8266670073996469,0.9345777796558272,0.8266670073996469,0.9345777796558272,31.0,,simulated_local_0,59.0
0.8512396694214877,0.8435447747844441,0.9455870851293359,0.8435447747844441,0.9455870851293359,11.0,,simulated_local_1,59.0
0.8760330578512396,0.8718283311584746,0.9531482335362322,0.8718283311584746,0.9531482335362322,34.0,,simulated_local_2,59.0
0.8512396694214877,0.8430364676645669,0.9521062150420976,0.8430364676645669,0.9521062150420976,13.0,,simulated_local_3,59.0
0.8347107438016529,0.8259432829600525,0.9480573430393172,0.8259432829600525,0.9480573430393172,11.0,,simulated_local_4,59.0
0.8429752066115702,0.8354481881754608,0.9517029779453263,,,,,fedavg,59.0
0.8429752066115702,0.852095879034511,0.9595073977220613,0.852095879034511,0.9595073977220613,3.0,,vlocal,60.0
0.8677685950413223,0.8609027336300064,0.9546849665743439,0.8609027336300064,0.9546849665743439,46.0,,simulated_local_0,60.0
0.859504132231405,0.8565595467214396,0.9530890317878993,0.8565595467214396,0.9530890317878993,18.0,,simulated_local_1,60.0
0.8347107438016529,0.8313371930289772,0.9354804266255531,0.8313371930289772,0.9354804266255531,45.0,,simulated_local_2,60.0
0.8512396694214877,0.8459082389026156,0.9450538469049385,0.8459082389026156,0.9450538469049385,7.0,,simulated_local_3,60.0
0.8347107438016529,0.801721075144544,0.9402174541668736,0.801721075144544,0.9402174541668736,3.0,,simulated_local_4,60.0
0.859504132231405,0.8507205935137875,0.9543950370730315,,,,,fedavg,60.0
0.859504132231405,0.8555377002346698,0.9423824363147413,0.8555377002346698,0.9423824363147413,46.0,,vlocal,61.0
0.8512396694214877,0.8423326535723229,0.946924180074267,0.8423326535723229,0.946924180074267,32.0,,simulated_local_0,61.0
0.8512396694214877,0.8427046243353646,0.9542558221161063,0.8427046243353646,0.9542558221161063,0.0,,simulated_local_1,61.0
0.859504132231405,0.8554560899928451,0.9568526498943135,0.8554560899928451,0.9568526498943135,27.0,,simulated_local_2,61.0
0.8760330578512396,0.8678658299797926,0.9451541179079461,0.8678658299797926,0.9451541179079461,33.0,,simulated_local_3,61.0
0.8429752066115702,0.8429027113237638,0.9524620112319451,0.8429027113237638,0.9524620112319451,13.0,,simulated_local_4,61.0
0.859504132231405,0.8517790587309303,0.952267998838625,,,,,fedavg,61.0
0.8677685950413223,0.863892764719211,0.9532461237659905,0.863892764719211,0.9532461237659905,28.0,,vlocal,62.0
0.8760330578512396,0.869353496877072,0.954347148650506,0.869353496877072,0.954347148650506,15.0,,simulated_local_0,62.0
0.859504132231405,0.8520823529087991,0.9470519198113889,0.8520823529087991,0.9470519198113889,23.0,,simulated_local_1,62.0
0.859504132231405,0.8501038209271288,0.9305336126973458,0.8501038209271288,0.9305336126973458,23.0,,simulated_local_2,62.0
0.8347107438016529,0.8278228522152914,0.9331282791923818,0.8278228522152914,0.9331282791923818,48.0,,simulated_local_3,62.0
0.8512396694214877,0.8408806961478361,0.9382313149561526,0.8408806961478361,0.9382313149561526,16.0,,simulated_local_4,62.0
0.8677685950413223,0.8630970217297746,0.9496101106932731,,,,,fedavg,62.0
0.8760330578512396,0.8737415661501884,0.9476572311370643,0.8737415661501884,0.9476572311370643,32.0,,vlocal,63.0
0.8429752066115702,0.8444726454041616,0.9534655948663993,0.8444726454041616,0.9534655948663993,25.0,,simulated_local_0,63.0
0.859504132231405,0.8576010391603027,0.9551503477000367,0.8576010391603027,0.9551503477000367,20.0,,simulated_local_1,63.0
0.8677685950413223,0.8640856978519316,0.9412991533527774,0.8640856978519316,0.9412991533527774,2.0,,simulated_local_2,63.0
0.8760330578512396,0.8695486943420827,0.9439890818269732,0.8695486943420827,0.9439890818269732,29.0,,simulated_local_3,63.0
0.859504132231405,0.8525285320739864,0.9501229467696358,0.8525285320739864,0.9501229467696358,4.0,,simulated_local_4,63.0
0.8760330578512396,0.8714679260133804,0.952305223051299,,,,,fedavg,63.0
0.8760330578512396,0.8727043832778144,0.9544694886093059,0.8727043832778144,0.9544694886093059,13.0,,vlocal,64.0
0.859504132231405,0.8538308058519885,0.9480247485251925,0.8538308058519885,0.9480247485251925,28.0,,simulated_local_0,64.0
0.8760330578512396,0.8696099125851192,0.9493186714515204,0.8696099125851192,0.9493186714515204,14.0,,simulated_local_1,64.0
0.8512396694214877,0.8503144914628168,0.9496026470015598,0.8503144914628168,0.9496026470015598,8.0,,simulated_local_2,64.0
0.8677685950413223,0.863989131587356,0.9508080534094405,0.863989131587356,0.9508080534094405,5.0,,simulated_local_3,64.0
0.859504132231405,0.850524305190116,0.9498265811250536,0.850524305190116,0.9498265811250536,7.0,,simulated_local_4,64.0
0.8677685950413223,0.8635162816980999,0.9533910521537435,,,,,fedavg,64.0
0.8512396694214877,0.8451767794898933,0.9397779542756085,0.8451767794898933,0.9397779542756085,25.0,,vlocal,65.0
0.8677685950413223,0.8631210500729216,0.9430996114720495,0.8631210500729216,0.9430996114720495,19.0,,simulated_local_0,65.0
0.859504132231405,0.8521678321678321,0.9501086920238032,0.8521678321678321,0.9501086920238032,35.0,,simulated_local_1,65.0
0.859504132231405,0.8541216359398176,0.9457411807333945,0.8541216359398176,0.9457411807333945,47.0,,simulated_local_2,65.0
0.859504132231405,0.85496678010047,0.9612306924410446,0.85496678010047,0.9612306924410446,5.0,,simulated_local_3,65.0
0.8347107438016529,0.830393665104409,0.9237660257310673,0.830393665104409,0.9237660257310673,49.0,,simulated_local_4,65.0
0.859504132231405,0.8548565872630043,0.9486625162518785,,,,,fedavg,65.0
0.859504132231405,0.8548565872630043,0.9510586295127748,0.8548565872630043,0.9510586295127748,27.0,,vlocal,66.0
0.859504132231405,0.84807522476074,0.9501333215631209,0.84807522476074,0.9501333215631209,39.0,,simulated_local_0,66.0
0.8347107438016529,0.8345088223387342,0.942139619403181,0.8345088223387342,0.942139619403181,21.0,,simulated_local_1,66.0
0.859504132231405,0.8514669539618861,0.9535076508218534,0.8514669539618861,0.9535076508218534,26.0,,simulated_local_2,66.0
0.859504132231405,0.8561010763681803,0.9516425217482077,0.8561010763681803,0.9516425217482077,31.0,,simulated_local_3,66.0
0.8347107438016529,0.820856829121292,0.9413148119044216,0.820856829121292,0.9413148119044216,3.0,,simulated_local_4,66.0
0.8512396694214877,0.8459390812389749,0.95038828300364,,,,,fedavg,66.0
0.8512396694214877,0.846017794020849,0.943337195132161,0.846017794020849,0.943337195132161,25.0,,vlocal,67.0
0.8429752066115702,0.830993524381954,0.9486881700671602,0.830993524381954,0.9486881700671602,48.0,,simulated_local_0,67.0
0.859504132231405,0.8504652008940173,0.9523400835224132,0.8504652008940173,0.9523400835224132,3.0,,simulated_local_1,67.0
0.8512396694214877,0.8463468219685948,0.943994356136326,0.8463468219685948,0.943994356136326,23.0,,simulated_local_2,67.0
0.8760330578512396,0.8714679260133804,0.9461513938987236,0.8714679260133804,0.9461513938987236,22.0,,simulated_local_3,67.0
0.8264462809917356,0.8092405268349938,0.9364767391766806,0.8092405268349938,0.9364767391766806,40.0,,simulated_local_4,67.0
0.859504132231405,0.8548565872630043,0.9509592850783017,,,,,fedavg,67.0
0.8512396694214877,0.8513336986206581,0.9547843193700636,0.8513336986206581,0.9547843193700636,30.0,,vlocal,68.0
0.859504132231405,0.8507764962310417,0.9472192669232715,0.8507764962310417,0.9472192669232715,24.0,,simulated_local_0,68.0
0.8760330578512396,0.8713336574299141,0.9582044671329576,0.8713336574299141,0.9582044671329576,14.0,,simulated_local_1,68.0
0.8512396694214877,0.841934058477115,0.9296374797294079,0.841934058477115,0.9296374797294079,36.0,,simulated_local_2,68.0
0.859504132231405,0.8572338367626356,0.955091312553189,0.8572338367626356,0.955091312553189,10.0,,simulated_local_3,68.0
0.8181818181818182,0.8068963310648454,0.9380379688106976,0.8068963310648454,0.9380379688106976,13.0,,simulated_local_4,68.0
0.859504132231405,0.8561157624875845,0.952013846262973,,,,,fedavg,68.0
0.859504132231405,0.8569831438948136,0.9519340184412447,0.8569831438948136,0.9519340184412447,32.0,,vlocal,69.0
0.8677685950413223,0.8689048650270526,0.9626306623191289,0.8689048650270526,0.9626306623191289,14.0,,simulated_local_0,69.0
0.8760330578512396,0.8720223499444277,0.9563619316023244,0.8720223499444277,0.9563619316023244,7.0,,simulated_local_1,69.0
0.8677685950413223,0.8590956060496827,0.949148806650855,0.8590956060496827,0.949148806650855,38.0,,simulated_local_2,69.0
0.859504132231405,0.856795493478109,0.9350993994345119,0.856795493478109,0.9350993994345119,14.0,,simulated_local_3,69.0
0.8677685950413223,0.8627564256866993,0.9441561128314371,0.8627564256866993,0.9441561128314371,9.0,,simulated_local_4,69.0
0.859504132231405,0.8539097266369993,0.9504671867670733,,,,,fedavg,69.0
0.8512396694214877,0.8474566134993942,0.9496710887637708,0.8474566134993942,0.9496710887637708,11.0,,vlocal,70.0
0.8512396694214877,0.8469858484231461,0.9440124648595359,0.8469858484231461,0.9440124648595359,14.0,,simulated_local_0,70.0
0.859504132231405,0.8542727834935626,0.9615622163839898,0.8542727834935626,0.9615622163839898,26.0,,simulated_local_1,70.0
0.8512396694214877,0.8466558155527413,0.9383499260009227,0.8466558155527413,0.9383499260009227,28.0,,simulated_local_2,70.0
0.859504132231405,0.8581105169340464,0.9530367174157415,0.8581105169340464,0.9530367174157415,5.0,,simulated_local_3,70.0
0.8347107438016529,0.8374655647382919,0.9419257844542702,0.8374655647382919,0.9419257844542702,13.0,,simulated_local_4,70.0
0.8677685950413223,0.861773166521622,0.9543669083932068,,,,,fedavg,70.0
0.8512396694214877,0.8586151851928329,0.9538590699421817,0.8586151851928329,0.9538590699421817,1.0,,vlocal,71.0
0.8760330578512396,0.8728741965105601,0.9471130522631854,0.8728741965105601,0.9471130522631854,40.0,,simulated_local_0,71.0
0.859504132231405,0.8534859080313626,0.9545910696696474,0.8534859080313626,0.9545910696696474,5.0,,simulated_local_1,71.0
0.859504132231405,0.8512199463561102,0.9451633946686925,0.8512199463561102,0.9451633946686925,48.0,,simulated_local_2,71.0
0.8512396694214877,0.8469501790075952,0.9465359927325593,0.8469501790075952,0.9465359927325593,14.0,,simulated_local_3,71.0
0.859504132231405,0.8477668257015123,0.9324580164651717,0.8477668257015123,0.9324580164651717,35.0,,simulated_local_4,71.0
0.8512396694214877,0.8459563965446317,0.9505223233895966,,,,,fedavg,71.0
0.8512396694214877,0.8472803596770538,0.9533248623028795,0.8472803596770538,0.9533248623028795,21.0,,vlocal,72.0
0.8347107438016529,0.836082856537402,0.9482682006057049,0.836082856537402,0.9482682006057049,17.0,,simulated_local_0,72.0
0.8429752066115702,0.8389226614969189,0.938469676796459,0.8389226614969189,0.938469676796459,20.0,,simulated_local_1,72.0
0.8347107438016529,0.8247651764081118,0.9554917660857339,0.8247651764081118,0.9554917660857339,12.0,,simulated_local_2,72.0
0.8347107438016529,0.827612615810889,0.9403693677706989,0.827612615810889,0.9403693677706989,0.0,,simulated_local_3,72.0
0.8760330578512396,0.8693105792279345,0.9534462116864687,0.8693105792279345,0.9534462116864687,4.0,,simulated_local_4,72.0
0.859504132231405,0.8561157624875845,0.9525993960758181,,,,,fedavg,72.0
0.8429752066115702,0.8375266590577594,0.9466627668874754,0.8375266590577594,0.9466627668874754,8.0,,vlocal,73.0
0.859504132231405,0.8545605909242271,0.9463880371865138,0.8545605909242271,0.9463880371865138,40.0,,simulated_local_0,73.0
0.859504132231405,0.8533051560796543,0.9487649864780797,0.8533051560796543,0.9487649864780797,9.0,,simulated_local_1,73.0
0.8760330578512396,0.870751140251876,0.9627703821752837,0.870751140251876,0.9627703821752837,27.0,,simulated_local_2,73.0
0.859504132231405,0.8557938605785494,0.9626438855725338,0.8557938605785494,0.9626438855725338,2.0,,simulated_local_3,73.0
0.859504132231405,0.84932753197216,0.946082711510473,0.84932753197216,0.946082711510473,2.0,,simulated_local_4,73.0
0.8760330578512396,0.8724062656207066,0.9545910887076311,,,,,fedavg,73.0
0.859504132231405,0.8560290555568004,0.9458863210669128,0.8560290555568004,0.9458863210669128,22.0,,vlocal,74.0
0.8347107438016529,0.814207178790345,0.9397175001951213,0.814207178790345,0.9397175001951213,8.0,,simulated_local_0,74.0
0.8760330578512396,0.8716460438420296,0.9479594892254173,0.8716460438420296,0.9479594892254173,48.0,,simulated_local_1,74.0
0.8512396694214877,0.8491190627554264,0.9526955847534502,0.8491190627554264,0.9526955847534502,38.0,,simulated_local_2,74.0
0.859504132231405,0.8615085898803146,0.9511586060330953,0.8615085898803146,0.9511586060330953,6.0,,simulated_local_3,74.0
0.8512396694214877,0.8429655581818924,0.9467976539455383,0.8429655581818924,0.9467976539455383,23.0,,simulated_local_4,74.0
0.8512396694214877,0.8454333545242634,0.9504823648949537,,,,,fedavg,74.0
0.859504132231405,0.8546995704020497,0.951943232014146,0.8546995704020497,0.951943232014146,16.0,,vlocal,75.0
0.859504132231405,0.8573460019798772,0.9381134963243812,0.8573460019798772,0.9381134963243812,7.0,,simulated_local_0,75.0
0.8512396694214877,0.843130943784077,0.9541958365098216,0.843130943784077,0.9541958365098216,27.0,,simulated_local_1,75.0
0.8429752066115702,0.840985967780226,0.9444522813969409,0.840985967780226,0.9444522813969409,30.0,,simulated_local_2,75.0
0.8429752066115702,0.8307243558580456,0.9301650233769613,0.8307243558580456,0.9301650233769613,49.0,,simulated_local_3,75.0
0.859504132231405,0.84895694758039,0.9574837509682073,0.84895694758039,0.9574837509682073,7.0,,simulated_local_4,75.0
0.8264462809917356,0.8188712710411998,0.9497267544694981,,,,,fedavg,75.0
0.8677685950413223,0.8616444161898706,0.954947731252169,0.8616444161898706,0.954947731252169,5.0,,vlocal,76.0
0.8347107438016529,0.8281261003749042,0.9403803506402563,0.8281261003749042,0.9403803506402563,1.0,,simulated_local_0,76.0
0.859504132231405,0.8552518188881825,0.9473618008743595,0.8552518188881825,0.9473618008743595,0.0,,simulated_local_1,76.0
0.859504132231405,0.8560699336256343,0.9574492902195084,0.8560699336256343,0.9574492902195084,36.0,,simulated_local_2,76.0
0.8429752066115702,0.8407295297642063,0.9441954848083476,0.8407295297642063,0.9441954848083476,41.0,,simulated_local_3,76.0
0.8429752066115702,0.8351578514494805,0.94421134074795,0.8351578514494805,0.94421134074795,44.0,,simulated_local_4,76.0
0.8512396694214877,0.8436321254503072,0.9509222740902241,,,,,fedavg,76.0
0.8677685950413223,0.8635254552609923,0.9525562767924743,0.8635254552609923,0.9525562767924743,42.0,,vlocal,77.0
0.8512396694214877,0.8487481675689906,0.9446897125328252,0.8487481675689906,0.9446897125328252,10.0,,simulated_local_0,77.0
0.8347107438016529,0.8249821803540811,0.9494977838799299,0.8249821803540811,0.9494977838799299,4.0,,simulated_local_1,77.0
0.859504132231405,0.8545448666621986,0.9460874997303189,0.8545448666621986,0.9460874997303189,5.0,,simulated_local_2,77.0
0.8347107438016529,0.8236595930244748,0.9416327563315665,0.8236595930244748,0.9416327563315665,15.0,,simulated_local_3,77.0
0.8512396694214877,0.8475012692725681,0.9431643581414374,0.8475012692725681,0.9431643581414374,39.0,,simulated_local_4,77.0
0.8512396694214877,0.843174143279737,0.9494562922803359,,,,,fedavg,77.0
0.859504132231405,0.856187751642297,0.9439667569402685,0.856187751642297,0.9439667569402685,25.0,,vlocal,78.0
0.8429752066115702,0.8357464023579724,0.9581865024823089,0.8357464023579724,0.9581865024823089,13.0,,simulated_local_0,78.0
0.8512396694214877,0.8477063552693804,0.9529405091266276,0.8477063552693804,0.9529405091266276,3.0,,simulated_local_1,78.0
0.859504132231405,0.8546570501205966,0.9452017782954633,0.8546570501205966,0.9452017782954633,8.0,,simulated_local_2,78.0
0.8429752066115702,0.8283264580941174,0.9448821870488939,0.8283264580941174,0.9448821870488939,11.0,,simulated_local_3,78.0
0.8264462809917356,0.812142403051494,0.9352255006685629,0.812142403051494,0.9352255006685629,16.0,,simulated_local_4,78.0
0.8677685950413223,0.863187467072066,0.9476433446221578,,,,,fedavg,78.0
0.859504132231405,0.8533322778339794,0.9484336291745579,0.8533322778339794,0.9484336291745579,8.0,,vlocal,79.0
0.8512396694214877,0.8367954277945276,0.956327670748029,0.8367954277945276,0.956327670748029,29.0,,simulated_local_0,79.0
0.8760330578512396,0.8731197260247158,0.950238034309402,0.8731197260247158,0.950238034309402,30.0,,simulated_local_1,79.0
0.8677685950413223,0.854647363032182,0.944960607664606,0.854647363032182,0.944960607664606,8.0,,simulated_local_2,79.0
0.8429752066115702,0.8347870562666359,0.9434032734575818,0.8347870562666359,0.9434032734575818,38.0,,simulated_local_3,79.0
0.8512396694214877,0.846860210496574,0.9452530495386217,0.846860210496574,0.9452530495386217,45.0,,simulated_local_4,79.0
0.8512396694214877,0.8429091407701033,0.9528348886000364,,,,,fedavg,79.0
0.859504132231405,0.8557554474909846,0.9429011689312436,0.8557554474909846,0.9429011689312436,44.0,,vlocal,80.0
0.8842975206611571,0.8764191649389259,0.9545182074559868,0.8764191649389259,0.9545182074559868,41.0,,simulated_local_0,80.0
0.8264462809917356,0.825131386772651,0.9514089417086163,0.825131386772651,0.9514089417086163,2.0,,simulated_local_1,80.0
0.8512396694214877,0.8476874651459559,0.9489209303024257,0.8476874651459559,0.9489209303024257,8.0,,simulated_local_2,80.0
0.8429752066115702,0.8342241780258307,0.9186508541403952,0.8342241780258307,0.9186508541403952,41.0,,simulated_local_3,80.0
0.8512396694214877,0.8425346012147764,0.9422466623205235,0.8425346012147764,0.9422466623205235,20.0,,simulated_local_4,80.0
0.8512396694214877,0.845336788259688,0.9467014038015035,,,,,fedavg,80.0
0.8760330578512396,0.8727299089195564,0.9452865947970351,0.8727299089195564,0.9452865947970351,0.0,,vlocal,81.0
0.8512396694214877,0.8428450203945669,0.9388956157938531,0.8428450203945669,0.9388956157938531,36.0,,simulated_local_0,81.0
0.8347107438016529,0.8277692004964732,0.9573814336759654,0.8277692004964732,0.9573814336759654,19.0,,simulated_local_1,81.0
0.859504132231405,0.8555501121808524,0.9446381921895142,0.8555501121808524,0.9446381921895142,45.0,,simulated_local_2,81.0
0.8429752066115702,0.8273632703384769,0.9381207821947247,0.8273632703384769,0.9381207821947247,46.0,,simulated_local_3,81.0
0.8347107438016529,0.821340076225832,0.9350711970791633,0.821340076225832,0.9350711970791633,19.0,,simulated_local_4,81.0
0.8512396694214877,0.844806397516947,0.947598915682784,,,,,fedavg,81.0
0.8760330578512396,0.8724062656207066,0.9539562490021725,0.8724062656207066,0.9539562490021725,42.0,,vlocal,82.0
0.859504132231405,0.8509429963975418,0.9360495962128681,0.8509429963975418,0.9360495962128681,46.0,,simulated_local_0,82.0
0.8347107438016529,0.8225131159015456,0.947010354050347,0.8225131159015456,0.947010354050347,5.0,,simulated_local_1,82.0
0.8760330578512396,0.8658341971868492,0.9558202750807725,0.8658341971868492,0.9558202750807725,38.0,,simulated_local_2,82.0
0.8264462809917356,0.8244899369405297,0.9504824321345907,0.8244899369405297,0.9504824321345907,30.0,,simulated_local_3,82.0
0.8347107438016529,0.8222683217898529,0.9421905398249039,0.8222683217898529,0.9421905398249039,40.0,,simulated_local_4,82.0
0.8512396694214877,0.8450020891440434,0.9527127171804114,,,,,fedavg,82.0
0.859504132231405,0.855337396422414,0.9520671303089635,0.855337396422414,0.9520671303089635,20.0,,vlocal,83.0
0.8512396694214877,0.8430522346144588,0.9478812053146829,0.8430522346144588,0.9478812053146829,40.0,,simulated_local_0,83.0
0.8677685950413223,0.8645201452218995,0.9554650065229957,0.8645201452218995,0.9554650065229957,34.0,,simulated_local_1,83.0
0.8512396694214877,0.8420993947546602,0.9528891164944291,0.8420993947546602,0.9528891164944291,39.0,,simulated_local_2,83.0
0.8347107438016529,0.8242434367960644,0.9313023017462705,0.8242434367960644,0.9313023017462705,26.0,,simulated_local_3,83.0
0.8099173553719008,0.8024853016588553,0.9345079848028587,0.8024853016588553,0.9345079848028587,13.0,,simulated_local_4,83.0
0.8429752066115702,0.8374647254935284,0.95068424884835,,,,,fedavg,83.0
0.859504132231405,0.8563750975234229,0.9584087495760752,0.8563750975234229,0.9584087495760752,22.0,,vlocal,84.0
0.8347107438016529,0.8190474467027122,0.9453574393185875,0.8190474467027122,0.9453574393185875,38.0,,simulated_local_0,84.0
0.8429752066115702,0.8359619698160069,0.949874570602416,0.8359619698160069,0.949874570602416,34.0,,simulated_local_1,84.0
0.8512396694214877,0.8454033982066924,0.9393826068173785,0.8454033982066924,0.9393826068173785,40.0,,simulated_local_2,84.0
0.8429752066115702,0.8360597432060727,0.9417249940793607,0.8360597432060727,0.9417249940793607,6.0,,simulated_local_3,84.0
0.8264462809917356,0.8124314299249691,0.9301340365636273,0.8124314299249691,0.9301340365636273,27.0,,simulated_local_4,84.0
0.8264462809917356,0.8149423144638455,0.950278058844205,,,,,fedavg,84.0
0.8512396694214877,0.8417400781037143,0.949327345337512,0.8417400781037143,0.949327345337512,4.0,,vlocal,85.0
0.8512396694214877,0.8422293660229951,0.9370338758373048,0.8422293660229951,0.9370338758373048,32.0,,simulated_local_0,85.0
0.8429752066115702,0.83921028466483,0.9514934087662227,0.83921028466483,0.9514934087662227,12.0,,simulated_local_1,85.0
0.8429752066115702,0.8349201398944109,0.9585005563945002,0.8349201398944109,0.9585005563945002,37.0,,simulated_local_2,85.0
0.8347107438016529,0.8384744078392895,0.9498547623403303,0.8384744078392895,0.9498547623403303,36.0,,simulated_local_3,85.0
0.8512396694214877,0.8465811965811965,0.9607985869335955,0.8465811965811965,0.9607985869335955,4.0,,simulated_local_4,85.0
0.859504132231405,0.8534859080313626,0.95510126577095,,,,,fedavg,85.0
0.8677685950413223,0.8607247262148011,0.9511565263801242,0.8607247262148011,0.9511565263801242,13.0,,vlocal,86.0
0.859504132231405,0.8505319174660425,0.954365736130099,0.8505319174660425,0.954365736130099,25.0,,simulated_local_0,86.0
0.8842975206611571,0.8804407713498622,0.9544742733609749,0.8804407713498622,0.9544742733609749,12.0,,simulated_local_1,86.0
0.8347107438016529,0.8287226175218396,0.9457314924619087,0.8287226175218396,0.9457314924619087,30.0,,simulated_local_2,86.0
0.8264462809917356,0.8179359941312517,0.9488677090310711,0.8179359941312517,0.9488677090310711,36.0,,simulated_local_3,86.0
0.859504132231405,0.8569328203817426,0.9494297450889023,0.8569328203817426,0.9494297450889023,47.0,,simulated_local_4,86.0
0.8429752066115702,0.8346594394441283,0.9585065115177452,,,,,fedavg,86.0
0.8760330578512396,0.8690608830823245,0.9497040343977781,0.8690608830823245,0.9497040343977781,35.0,,vlocal,87.0
0.8512396694214877,0.8325918182907042,0.9494418894499852,0.8325918182907042,0.9494418894499852,25.0,,simulated_local_0,87.0
0.8347107438016529,0.8301643804450806,0.9246782919059213,0.8301643804450806,0.9246782919059213,33.0,,simulated_local_1,87.0
0.8264462809917356,0.8184833237377024,0.918862371020507,0.8184833237377024,0.918862371020507,42.0,,simulated_local_2,87.0
0.8512396694214877,0.8440532721444219,0.9536206976979766,0.8440532721444219,0.9536206976979766,42.0,,simulated_local_3,87.0
0.8429752066115702,0.8389510279699298,0.9409533310538081,0.8389510279699298,0.9409533310538081,20.0,,simulated_local_4,87.0
0.8181818181818182,0.8102412738776373,0.9482880875097317,,,,,fedavg,87.0
0.859504132231405,0.8560113464419683,0.953376898697332,0.8560113464419683,0.953376898697332,43.0,,vlocal,88.0
0.8512396694214877,0.8462784986849158,0.939791400397165,0.8462784986849158,0.939791400397165,43.0,,simulated_local_0,88.0
0.8512396694214877,0.846625825964669,0.9512666369445909,0.846625825964669,0.9512666369445909,0.0,,simulated_local_1,88.0
0.8512396694214877,0.8443657352748262,0.9511044555286849,0.8443657352748262,0.9511044555286849,26.0,,simulated_local_2,88.0
0.8512396694214877,0.8436321254503072,0.9483482369179838,0.8436321254503072,0.9483482369179838,0.0,,simulated_local_3,88.0
0.8347107438016529,0.8479631863809661,0.9465394846645062,0.8479631863809661,0.9465394846645062,40.0,,simulated_local_4,88.0
0.8512396694214877,0.8441642200925171,0.95444676138372,,,,,fedavg,88.0
0.859504132231405,0.8539922064871386,0.954420623533281,0.8539922064871386,0.954420623533281,43.0,,vlocal,89.0
0.8181818181818182,0.810593227589275,0.9518743743729365,0.810593227589275,0.9518743743729365,15.0,,simulated_local_0,89.0
0.8512396694214877,0.8491631941454845,0.9438540030378432,0.8491631941454845,0.9438540030378432,33.0,,simulated_local_1,89.0
0.859504132231405,0.852706412045255,0.9509340611405545,0.852706412045255,0.9509340611405545,48.0,,simulated_local_2,89.0
0.8512396694214877,0.8430280887277036,0.9447845672775046,0.8430280887277036,0.9447845672775046,5.0,,simulated_local_3,89.0
0.8429752066115702,0.8373834834134027,0.9423106151716208,0.8373834834134027,0.9423106151716208,33.0,,simulated_local_4,89.0
0.8512396694214877,0.846987356078265,0.9525570706000155,,,,,fedavg,89.0
0.8512396694214877,0.8480174409403407,0.9572778450945199,0.8480174409403407,0.9572778450945199,0.0,,vlocal,90.0
0.8512396694214877,0.84328633932912,0.9451013936940101,0.84328633932912,0.9451013936940101,45.0,,simulated_local_0,90.0
0.8347107438016529,0.8338418029423832,0.9465322097487967,0.8338418029423832,0.9465322097487967,9.0,,simulated_local_1,90.0
0.859504132231405,0.8564724164724165,0.9588519896768148,0.8564724164724165,0.9588519896768148,4.0,,simulated_local_2,90.0
0.8429752066115702,0.8364328395948949,0.9478659180299627,0.8364328395948949,0.9478659180299627,0.0,,simulated_local_3,90.0
0.8429752066115702,0.8371076514797732,0.9594412238127974,0.8371076514797732,0.9594412238127974,8.0,,simulated_local_4,90.0
0.859504132231405,0.8557554474909846,0.9583273309031427,,,,,fedavg,90.0
0.8512396694214877,0.8429963975418522,0.9548379259603081,0.8429963975418522,0.9548379259603081,3.0,,vlocal,91.0
0.8512396694214877,0.8431755572251439,0.952321853204033,0.8431755572251439,0.952321853204033,14.0,,simulated_local_0,91.0
0.8429752066115702,0.8376490738252688,0.9555265644290575,0.8376490738252688,0.9555265644290575,2.0,,simulated_local_1,91.0
0.8512396694214877,0.8413580829822815,0.9489701362360702,0.8413580829822815,0.9489701362360702,20.0,,simulated_local_2,91.0
0.8512396694214877,0.8462547553456645,0.9563279957750169,0.8462547553456645,0.9563279957750169,1.0,,simulated_local_3,91.0
0.8512396694214877,0.8470932177869976,0.9522576957143691,0.8470932177869976,0.9522576957143691,6.0,,simulated_local_4,91.0
0.8512396694214877,0.845854650400105,0.9547335790655996,,,,,fedavg,91.0
0.8677685950413223,0.8640199103009021,0.9555506226562435,0.8640199103009021,0.9555506226562435,1.0,,vlocal,92.0
0.8512396694214877,0.8400363757391563,0.95028440212506,0.8400363757391563,0.95028440212506,40.0,,simulated_local_0,92.0
0.8347107438016529,0.8314639434800374,0.9559343577628886,0.8314639434800374,0.9559343577628886,33.0,,simulated_local_1,92.0
0.8512396694214877,0.8389162352798716,0.9521692696865716,0.8389162352798716,0.9521692696865716,23.0,,simulated_local_2,92.0
0.8429752066115702,0.8318414368001144,0.9463481356148672,0.8318414368001144,0.9463481356148672,12.0,,simulated_local_3,92.0
0.8512396694214877,0.847086247086247,0.9468113606596539,0.847086247086247,0.9468113606596539,32.0,,simulated_local_4,92.0
0.8677685950413223,0.8611909302818394,0.9559882110695065,,,,,fedavg,92.0
0.8760330578512396,0.871113271754983,0.9589092952763617,0.871113271754983,0.9589092952763617,32.0,,vlocal,93.0
0.8512396694214877,0.8430628411182616,0.9565422424670381,0.8430628411182616,0.9565422424670381,37.0,,simulated_local_0,93.0
0.8512396694214877,0.8468530387361555,0.9389090724704284,0.8468530387361555,0.9389090724704284,38.0,,simulated_local_1,93.0
0.8347107438016529,0.8334903187515216,0.9228253263340914,0.8334903187515216,0.9228253263340914,7.0,,simulated_local_2,93.0
0.8512396694214877,0.8420158602551173,0.9442056314447905,0.8420158602551173,0.9442056314447905,24.0,,simulated_local_3,93.0
0.859504132231405,0.8544996317813598,0.957819031873155,0.8544996317813598,0.957819031873155,4.0,,simulated_local_4,93.0
0.8429752066115702,0.8385999027710258,0.951805444972079,,,,,fedavg,93.0
0.8677685950413223,0.8643496459803862,0.9488832318976412,0.8643496459803862,0.9488832318976412,43.0,,vlocal,94.0
0.8347107438016529,0.8332717123386978,0.9536236265835613,0.8332717123386978,0.9536236265835613,2.0,,simulated_local_0,94.0
0.8677685950413223,0.8594368258288633,0.9530023121537646,0.8594368258288633,0.9530023121537646,5.0,,simulated_local_1,94.0
0.859504132231405,0.8581534179659763,0.958826691107819,0.8581534179659763,0.958826691107819,7.0,,simulated_local_2,94.0
0.8512396694214877,0.8436549211306492,0.9306618801398856,0.8436549211306492,0.9306618801398856,48.0,,simulated_local_3,94.0
0.8347107438016529,0.8188858053550355,0.9474870235591104,0.8188858053550355,0.9474870235591104,5.0,,simulated_local_4,94.0
0.8512396694214877,0.8436408963514458,0.9513977454317274,,,,,fedavg,94.0
0.8760330578512396,0.8719798405489654,0.9361865555610602,0.8719798405489654,0.9361865555610602,8.0,,vlocal,95.0
0.859504132231405,0.8519165682802047,0.9520207337298833,0.8519165682802047,0.9520207337298833,25.0,,simulated_local_0,95.0
0.8677685950413223,0.864539208797582,0.9582102796869391,0.864539208797582,0.9582102796869391,31.0,,simulated_local_1,95.0
0.8429752066115702,0.8461260941792449,0.9557585250588878,0.8461260941792449,0.9557585250588878,27.0,,simulated_local_2,95.0
0.8677685950413223,0.8648945177870797,0.9513601964389793,0.8648945177870797,0.9513601964389793,3.0,,simulated_local_3,95.0
0.8264462809917356,0.8235474522792728,0.9384812495147165,0.8235474522792728,0.9384812495147165,46.0,,simulated_local_4,95.0
0.8512396694214877,0.8474946541062243,0.954785025616727,,,,,fedavg,95.0
0.8677685950413223,0.8654719561221289,0.9485950261798802,0.8654719561221289,0.9485950261798802,29.0,,vlocal,96.0
0.8347107438016529,0.8328901674766337,0.9608277101035295,0.8328901674766337,0.9608277101035295,5.0,,simulated_local_0,96.0
0.8429752066115702,0.8319882921824668,0.9471837092063145,0.8319882921824668,0.9471837092063145,29.0,,simulated_local_1,96.0
0.8512396694214877,0.8468610015981575,0.955523656570679,0.8468610015981575,0.955523656570679,13.0,,simulated_local_2,96.0
0.8429752066115702,0.8417857462582791,0.9659609048995016,0.8417857462582791,0.9659609048995016,18.0,,simulated_local_3,96.0
0.8347107438016529,0.8173231726950735,0.9450070646364398,0.8173231726950735,0.9450070646364398,40.0,,simulated_local_4,96.0
0.8512396694214877,0.8444485995288135,0.9557436609044065,,,,,fedavg,96.0
0.8677685950413223,0.8593095306723872,0.9503520751947689,0.8593095306723872,0.9503520751947689,12.0,,vlocal,97.0
0.8429752066115702,0.8350497986861622,0.9441110441114159,0.8350497986861622,0.9441110441114159,39.0,,simulated_local_0,97.0
0.8512396694214877,0.8490988953710775,0.9480223493383578,0.8490988953710775,0.9480223493383578,14.0,,simulated_local_1,97.0
0.8347107438016529,0.8331203678547744,0.9486326736944631,0.8331203678547744,0.9486326736944631,7.0,,simulated_local_2,97.0
0.8512396694214877,0.8415853683796266,0.9379224133275461,0.8415853683796266,0.9379224133275461,30.0,,simulated_local_3,97.0
0.859504132231405,0.8560599770162933,0.935187440906925,0.8560599770162933,0.935187440906925,39.0,,simulated_local_4,97.0
0.8429752066115702,0.837592710319983,0.9468594898558618,,,,,fedavg,97.0
0.859504132231405,0.8573330854234492,0.9441977289357397,0.8573330854234492,0.9441977289357397,1.0,,vlocal,98.0
0.8760330578512396,0.8713336574299141,0.950263899381556,0.8713336574299141,0.950263899381556,42.0,,simulated_local_0,98.0
0.859504132231405,0.8546160909797273,0.952749019843765,0.8546160909797273,0.952749019843765,13.0,,simulated_local_1,98.0
0.859504132231405,0.8552805241774498,0.9449790628435218,0.8552805241774498,0.9449790628435218,22.0,,simulated_local_2,98.0
0.8347107438016529,0.8258950441848197,0.9412019734132543,0.8258950441848197,0.9412019734132543,5.0,,simulated_local_3,98.0
0.8429752066115702,0.8340356613083887,0.9476030570835117,0.8340356613083887,0.9476030570835117,29.0,,simulated_local_4,98.0
0.8429752066115702,0.837592710319983,0.9494882655184499,,,,,fedavg,98.0
0.8925619834710744,0.8888789041375236,0.9566305892812942,0.8888789041375236,0.9566305892812942,30.0,,vlocal,99.0
0.8347107438016529,0.8262474956173302,0.9467855035823279,0.8262474956173302,0.9467855035823279,16.0,,simulated_local_0,99.0
0.8512396694214877,0.8459563965446317,0.9551060924565777,0.8459563965446317,0.9551060924565777,18.0,,simulated_local_1,99.0
0.8429752066115702,0.8413847675800252,0.944897719392724,0.8413847675800252,0.944897719392724,49.0,,simulated_local_2,99.0
0.8512396694214877,0.8436461876474451,0.956384656978743,0.8436461876474451,0.956384656978743,8.0,,simulated_local_3,99.0
0.8512396694214877,0.8405594405594404,0.9439148741459055,0.8405594405594404,0.9439148741459055,3.0,,simulated_local_4,99.0
0.8512396694214877,0.844558771888938,0.9548152169541907,,,,,fedavg,99.0
