test_acc,test_f1,test_auc,best_epoch,fold,model,iter
0.6115702479338843,0.5103896554005728,0.8341763771548137,21.0,traditional,,
0.6115702479338843,0.5124402733031392,0.8127065451682532,13.0,,vlocal,0.0
0.6198347107438017,0.5270060330960596,0.7825752231363228,32.0,,simulated_local_0,0.0
0.6446280991735537,0.5410112858793211,0.7944414156436421,44.0,,simulated_local_1,0.0
0.39669421487603307,0.3354767853710771,0.5605869954576439,1.0,,simulated_local_2,0.0
0.5619834710743802,0.4594459558886437,0.7643868137024725,40.0,,simulated_local_3,0.0
0.4297520661157025,0.27587331083834576,0.7956010041913609,49.0,,simulated_local_4,0.0
0.5702479338842975,0.4664964259063396,0.7877048706574747,,,fedavg,0.0
0.628099173553719,0.5295569062347231,0.8086548076419325,8.0,,vlocal,1.0
0.6363636363636364,0.5396670508172312,0.8099264738968351,9.0,,simulated_local_0,1.0
0.628099173553719,0.5293554609393409,0.7925196548170051,1.0,,simulated_local_1,1.0
0.5867768595041323,0.4825097050299626,0.8117333451423159,42.0,,simulated_local_2,1.0
0.5950413223140496,0.49495170765707464,0.7926195188805013,28.0,,simulated_local_3,1.0
0.5950413223140496,0.4933248569612206,0.8158760880172837,40.0,,simulated_local_4,1.0
0.6033057851239669,0.5036155055563782,0.8060319965811137,,,fedavg,1.0
0.6198347107438017,0.5198236107327017,0.8399294398532796,15.0,,vlocal,2.0
0.6446280991735537,0.5461707988980716,0.8191875252763972,11.0,,simulated_local_0,2.0
0.628099173553719,0.5295405352223533,0.8126415217367609,14.0,,simulated_local_1,2.0
0.6033057851239669,0.5033409614601737,0.8150095941332117,10.0,,simulated_local_2,2.0
0.6198347107438017,0.5192354982801823,0.8221929582636932,12.0,,simulated_local_3,2.0
0.6033057851239669,0.5021900986424268,0.8084606783596666,0.0,,simulated_local_4,2.0
0.6198347107438017,0.5192354982801823,0.8208033674771676,,,fedavg,2.0
0.6115702479338843,0.5118707525725491,0.8230178562218031,1.0,,vlocal,3.0
0.6363636363636364,0.5390607031693218,0.8351718847354228,36.0,,simulated_local_0,3.0
0.6198347107438017,0.5198236107327017,0.8207204731530977,0.0,,simulated_local_1,3.0
0.6198347107438017,0.5192354982801823,0.8235272080420502,0.0,,simulated_local_2,3.0
0.6033057851239669,0.5025453529852357,0.8200103571156464,0.0,,simulated_local_3,3.0
0.6198347107438017,0.5212832133653248,0.8196539812906751,0.0,,simulated_local_4,3.0
0.6198347107438017,0.5198236107327017,0.8259706850389807,,,fedavg,3.0
0.6198347107438017,0.520506275787726,0.8528393514188877,10.0,,vlocal,4.0
0.628099173553719,0.5316366890874857,0.8294126856497732,6.0,,simulated_local_0,4.0
0.628099173553719,0.5286603179303984,0.8459569934189277,33.0,,simulated_local_1,4.0
0.5950413223140496,0.4946064478395664,0.8268106139209335,0.0,,simulated_local_2,4.0
0.6198347107438017,0.5198236107327017,0.835238476420907,34.0,,simulated_local_3,4.0
0.6115702479338843,0.5131030585576041,0.8242940258852417,10.0,,simulated_local_4,4.0
0.6198347107438017,0.5198236107327017,0.8368032526376897,,,fedavg,4.0
0.6198347107438017,0.5231193246775243,0.8398686227264279,4.0,,vlocal,5.0
0.6528925619834711,0.5551146448544599,0.8418671629708343,24.0,,simulated_local_0,5.0
0.6198347107438017,0.5221542514630166,0.8602307400650394,15.0,,simulated_local_1,5.0
0.6115702479338843,0.5076213499024284,0.8424698169176511,21.0,,simulated_local_2,5.0
0.6033057851239669,0.5049991767530674,0.8357569363596604,6.0,,simulated_local_3,5.0
0.6033057851239669,0.5012910223553239,0.8404710622779412,2.0,,simulated_local_4,5.0
0.6115702479338843,0.5131030585576041,0.8423511737857624,,,fedavg,5.0
0.6198347107438017,0.520506275787726,0.8443304007755785,1.0,,vlocal,6.0
0.628099173553719,0.5305489964580874,0.8451286589571045,0.0,,simulated_local_0,6.0
0.6198347107438017,0.5231193246775243,0.8509768228570637,27.0,,simulated_local_1,6.0
0.6115702479338843,0.5076213499024284,0.8378050719216709,5.0,,simulated_local_2,6.0
0.6115702479338843,0.5131030585576041,0.8448833813850354,6.0,,simulated_local_3,6.0
0.6033057851239669,0.5015632779050084,0.8464578061833852,36.0,,simulated_local_4,6.0
0.6115702479338843,0.5131030585576041,0.8460992811607485,,,fedavg,6.0
0.6115702479338843,0.5120174543956314,0.849273168071548,19.0,,vlocal,7.0
0.6198347107438017,0.5241784730421094,0.8582085974570169,30.0,,simulated_local_0,7.0
0.6198347107438017,0.520506275787726,0.8492018619387997,3.0,,simulated_local_1,7.0
0.5950413223140496,0.49616709149513366,0.8416066832864019,0.0,,simulated_local_2,7.0
0.6115702479338843,0.5119441034840903,0.8462140616704253,10.0,,simulated_local_3,7.0
0.6115702479338843,0.5081748481529424,0.8492781341481724,15.0,,simulated_local_4,7.0
0.5950413223140496,0.4981276009335855,0.8502624695394407,,,fedavg,7.0
0.6115702479338843,0.5131030585576041,0.8560703167895654,2.0,,vlocal,8.0
0.628099173553719,0.5328201904353025,0.8610561850782757,26.0,,simulated_local_0,8.0
0.6198347107438017,0.5231193246775243,0.8535692354477367,1.0,,simulated_local_1,8.0
0.5950413223140496,0.49252084995344353,0.8451699140766634,6.0,,simulated_local_2,8.0
0.6033057851239669,0.5050725276646084,0.8472426716779403,14.0,,simulated_local_3,8.0
0.6033057851239669,0.5043826696719259,0.851412359662483,7.0,,simulated_local_4,8.0
0.5950413223140496,0.4981276009335855,0.852465052360952,,,fedavg,8.0
0.6033057851239669,0.5067255976346885,0.858348220055941,14.0,,vlocal,9.0
0.6198347107438017,0.5201667019848838,0.8523666095548057,12.0,,simulated_local_0,9.0
0.6033057851239669,0.5043826696719259,0.8497963153770146,12.0,,simulated_local_1,9.0
0.6115702479338843,0.5091082996391462,0.8447888834402082,3.0,,simulated_local_2,9.0
0.6115702479338843,0.5112697220135236,0.8447755142638097,20.0,,simulated_local_3,9.0
0.6033057851239669,0.5013139353315306,0.8459057602229669,9.0,,simulated_local_4,9.0
0.5950413223140496,0.49675490101407865,0.8488446987238374,,,fedavg,9.0
0.6033057851239669,0.5050725276646084,0.8555752849835863,2.0,,vlocal,10.0
0.6198347107438017,0.5241784730421094,0.8625175651756212,8.0,,simulated_local_0,10.0
0.6033057851239669,0.5067255976346885,0.8515397793346074,18.0,,simulated_local_1,10.0
0.5950413223140496,0.49675490101407865,0.8504129333153461,2.0,,simulated_local_2,10.0
0.6033057851239669,0.5043826696719259,0.8497407903426958,8.0,,simulated_local_3,10.0
0.6033057851239669,0.5043826696719259,0.8482567706315427,21.0,,simulated_local_4,10.0
0.6033057851239669,0.5050725276646084,0.8529437930773436,,,fedavg,10.0
0.6115702479338843,0.5128573874336587,0.8606677660136579,23.0,,vlocal,11.0
0.6115702479338843,0.5178079496261314,0.8681288233527027,12.0,,simulated_local_0,11.0
0.6033057851239669,0.5067255976346885,0.8557408934777941,48.0,,simulated_local_1,11.0
0.6033057851239669,0.5013139353315306,0.8524650374332481,0.0,,simulated_local_2,11.0
0.6198347107438017,0.51744471320108,0.8570202087420369,45.0,,simulated_local_3,11.0
0.5950413223140496,0.4934382156726078,0.8456158974039174,33.0,,simulated_local_4,11.0
0.6033057851239669,0.5058536053913557,0.8574945916598965,,,fedavg,11.0
0.6115702479338843,0.5164224746937117,0.8678636126123273,49.0,,vlocal,12.0
0.6033057851239669,0.5067255976346885,0.8612120789241997,0.0,,simulated_local_0,12.0
0.6115702479338843,0.5106145786474293,0.8657501974580708,26.0,,simulated_local_1,12.0
0.6033057851239669,0.5058536053913557,0.8590185570609429,0.0,,simulated_local_2,12.0
0.6115702479338843,0.5112697220135236,0.8576640366505418,12.0,,simulated_local_3,12.0
0.6033057851239669,0.5029412413393283,0.8497400528963504,0.0,,simulated_local_4,12.0
0.6033057851239669,0.5050725276646084,0.8614834920957124,,,fedavg,12.0
0.6115702479338843,0.5187393446552858,0.8698143391925491,35.0,,vlocal,13.0
0.6115702479338843,0.51433580730296,0.8680722278186078,36.0,,simulated_local_0,13.0
0.6198347107438017,0.51744471320108,0.8655654175302062,21.0,,simulated_local_1,13.0
0.6115702479338843,0.5112697220135236,0.8590088723648094,0.0,,simulated_local_2,13.0
0.6115702479338843,0.5120174543956314,0.8564981918099803,8.0,,simulated_local_3,13.0
0.6115702479338843,0.5104151701213802,0.8501997481229133,48.0,,simulated_local_4,13.0
0.6033057851239669,0.5058536053913557,0.8617988375288768,,,fedavg,13.0
0.628099173553719,0.5369984849289882,0.8713880886786672,26.0,,vlocal,14.0
0.6115702479338843,0.5163081432673909,0.8698265289472318,27.0,,simulated_local_0,14.0
0.6115702479338843,0.5201143438281554,0.8679064979113326,39.0,,simulated_local_1,14.0
0.6033057851239669,0.5058536053913557,0.8600492377234543,0.0,,simulated_local_2,14.0
0.5950413223140496,0.4990583804143126,0.8577788500171647,26.0,,simulated_local_3,14.0
0.6033057851239669,0.5019133555458063,0.8625582278306467,34.0,,simulated_local_4,14.0
0.6115702479338843,0.5128573874336587,0.8660405657839924,,,fedavg,14.0
0.6363636363636364,0.5500907075186454,0.8872655996418635,32.0,,vlocal,15.0
0.6198347107438017,0.5322482447731808,0.87346567769614,47.0,,simulated_local_0,15.0
0.6115702479338843,0.5181173145441498,0.8634056294253667,16.0,,simulated_local_1,15.0
0.6115702479338843,0.5199146894161557,0.866956109140136,14.0,,simulated_local_2,15.0
0.6115702479338843,0.5128573874336587,0.8635830553924881,0.0,,simulated_local_3,15.0
0.6033057851239669,0.5056285073932236,0.8650765742197425,8.0,,simulated_local_4,15.0
0.628099173553719,0.5354785837225666,0.8705333429943881,,,fedavg,15.0
0.6611570247933884,0.5709844154247621,0.8795794349203414,49.0,,vlocal,16.0
0.628099173553719,0.536275019746094,0.8811611399340408,38.0,,simulated_local_0,16.0
0.628099173553719,0.5354785837225666,0.8741204029604024,0.0,,simulated_local_1,16.0
0.628099173553719,0.5399212811885888,0.872072301837674,26.0,,simulated_local_2,16.0
0.628099173553719,0.5354785837225666,0.8692331030324846,7.0,,simulated_local_3,16.0
0.6115702479338843,0.5180407175972586,0.870269435465936,0.0,,simulated_local_4,16.0
0.628099173553719,0.5369539551357734,0.8764620082012706,,,fedavg,16.0
0.6446280991735537,0.5624874017335215,0.8785488927667656,16.0,,vlocal,17.0
0.6363636363636364,0.5459612158176751,0.871856939279782,19.0,,simulated_local_0,17.0
0.6446280991735537,0.5591812821759345,0.8773824500191305,33.0,,simulated_local_1,17.0
0.628099173553719,0.5432539240927875,0.8750766932191866,17.0,,simulated_local_2,17.0
0.6446280991735537,0.5572108091517057,0.8677609012706844,49.0,,simulated_local_3,17.0
0.6198347107438017,0.5335349055969898,0.8713505996221509,9.0,,simulated_local_4,17.0
0.6198347107438017,0.5291223927587564,0.8736671107824175,,,fedavg,17.0
0.6528925619834711,0.5678070055881151,0.8814859204541834,37.0,,vlocal,18.0
0.6363636363636364,0.5525380823377893,0.8758434974400615,15.0,,simulated_local_0,18.0
0.6611570247933884,0.5712286304252477,0.8825452995579299,39.0,,simulated_local_1,18.0
0.6446280991735537,0.556637077849199,0.8794042860757159,6.0,,simulated_local_2,18.0
0.628099173553719,0.5391979066815202,0.8751808240998978,30.0,,simulated_local_3,18.0
0.628099173553719,0.5416881181411732,0.8729197686464512,0.0,,simulated_local_4,18.0
0.6446280991735537,0.5591812821759345,0.8783837283010134,,,fedavg,18.0
0.6611570247933884,0.5760765550239233,0.8787954747473894,49.0,,vlocal,19.0
0.6611570247933884,0.5765188015090842,0.8848350221315278,2.0,,simulated_local_0,19.0
0.6528925619834711,0.5682721912668436,0.8795151853146956,23.0,,simulated_local_1,19.0
0.6446280991735537,0.557021066842379,0.8810155034836529,1.0,,simulated_local_2,19.0
0.6446280991735537,0.5599289534552347,0.8813442139630185,45.0,,simulated_local_3,19.0
0.6528925619834711,0.5630704411453075,0.8803399906683699,19.0,,simulated_local_4,19.0
0.6446280991735537,0.5558754970519676,0.8827949714484028,,,fedavg,19.0
0.6611570247933884,0.5903388688089921,0.8960568213160083,49.0,,vlocal,20.0
0.6694214876033058,0.5800845922045992,0.8889476474258061,25.0,,simulated_local_0,20.0
0.6611570247933884,0.5741515173606739,0.887348902164358,37.0,,simulated_local_1,20.0
0.6446280991735537,0.5575098263905883,0.8831892143030106,43.0,,simulated_local_2,20.0
0.6528925619834711,0.5645012204641481,0.8851418571167787,10.0,,simulated_local_3,20.0
0.6446280991735537,0.5591812821759345,0.8805479775671242,0.0,,simulated_local_4,20.0
0.6528925619834711,0.5678070055881151,0.8874285476004442,,,fedavg,20.0
0.6694214876033058,0.5880632552394418,0.8915924631749165,7.0,,vlocal,21.0
0.6694214876033058,0.582575428051722,0.8866750294711557,16.0,,simulated_local_0,21.0
0.6694214876033058,0.5800845922045992,0.8928044246472316,23.0,,simulated_local_1,21.0
0.6611570247933884,0.5810855810855811,0.8883146207163501,40.0,,simulated_local_2,21.0
0.6694214876033058,0.5843106388560934,0.8879087635778425,11.0,,simulated_local_3,21.0
0.6446280991735537,0.5646907950983187,0.8864686734644522,3.0,,simulated_local_4,21.0
0.6611570247933884,0.5756257661433825,0.8901280183715996,,,fedavg,21.0
0.6942148760330579,0.6187810292330997,0.8943287907283148,45.0,,vlocal,22.0
0.6694214876033058,0.5924527833618742,0.889380905946242,46.0,,simulated_local_0,22.0
0.6776859504132231,0.5957870715434421,0.8878916691803744,24.0,,simulated_local_1,22.0
0.6528925619834711,0.5762382480786028,0.8865689998172881,24.0,,simulated_local_2,22.0
0.6694214876033058,0.5880224603582584,0.8918447923253755,40.0,,simulated_local_3,22.0
0.6776859504132231,0.6012874457277924,0.88837456174755,23.0,,simulated_local_4,22.0
0.6694214876033058,0.5880224603582584,0.8895751074007335,,,fedavg,22.0
0.6859504132231405,0.611433396780318,0.8960046668596895,42.0,,vlocal,23.0
0.6859504132231405,0.6161371686165075,0.8929833168966702,20.0,,simulated_local_0,23.0
0.6776859504132231,0.6049021964174739,0.8954293767439602,31.0,,simulated_local_1,23.0
0.6859504132231405,0.6243401983749106,0.8921205778121274,19.0,,simulated_local_2,23.0
0.6859504132231405,0.6068562531013124,0.888981298608415,46.0,,simulated_local_3,23.0
0.6776859504132231,0.60711861700004,0.8921319038215986,23.0,,simulated_local_4,23.0
0.6859504132231405,0.616209526090949,0.8932516834827245,,,fedavg,23.0
0.71900826446281,0.654090460310556,0.9073785343716857,12.0,,vlocal,24.0
0.6942148760330579,0.6273378308841298,0.8945925806523712,0.0,,simulated_local_0,24.0
0.6942148760330579,0.6194938142974195,0.8942036088317914,0.0,,simulated_local_1,24.0
0.6942148760330579,0.6287763731144222,0.8960798999548651,26.0,,simulated_local_2,24.0
0.6942148760330579,0.6280426922852423,0.8976219189287841,2.0,,simulated_local_3,24.0
0.7024793388429752,0.6330770411687947,0.8930247847071623,7.0,,simulated_local_4,24.0
0.7024793388429752,0.6363186125746247,0.8972497032120377,,,fedavg,24.0
0.7107438016528925,0.6492657286219485,0.904120539651406,11.0,,vlocal,25.0
0.6942148760330579,0.6240320457601629,0.898224035133336,0.0,,simulated_local_0,25.0
0.7107438016528925,0.6435777703861014,0.9000729748345674,27.0,,simulated_local_1,25.0
0.6942148760330579,0.6281499123148452,0.899240014239114,15.0,,simulated_local_2,25.0
0.7024793388429752,0.6386209711183588,0.8947068789270549,0.0,,simulated_local_3,25.0
0.6942148760330579,0.6279910746598618,0.8989799498469034,0.0,,simulated_local_4,25.0
0.7024793388429752,0.6396243976985917,0.9000535910226507,,,fedavg,25.0
0.7024793388429752,0.6364451416702452,0.9033862082713957,15.0,,vlocal,26.0
0.7024793388429752,0.6368336681186313,0.9052654773909576,37.0,,simulated_local_0,26.0
0.7024793388429752,0.6464665756109607,0.9019545075431471,44.0,,simulated_local_1,26.0
0.7024793388429752,0.6368207990706961,0.9003025289476012,0.0,,simulated_local_2,26.0
0.7024793388429752,0.6407019415679678,0.902179887045683,0.0,,simulated_local_3,26.0
0.6942148760330579,0.6291873560686088,0.8970425032818455,23.0,,simulated_local_4,26.0
0.7024793388429752,0.6393445028482787,0.9020214264585602,,,fedavg,26.0
0.7024793388429752,0.6441924875079955,0.9012912132816944,10.0,,vlocal,27.0
0.7024793388429752,0.638508956377295,0.9068693749157568,0.0,,simulated_local_0,27.0
0.6942148760330579,0.6217180616104374,0.9032714360119968,27.0,,simulated_local_1,27.0
0.7024793388429752,0.6375918001116674,0.9005843034549973,44.0,,simulated_local_2,27.0
0.7024793388429752,0.6363828262927615,0.8983872773593046,0.0,,simulated_local_3,27.0
0.7024793388429752,0.6389244805132205,0.9023213768405971,0.0,,simulated_local_4,27.0
0.6942148760330579,0.6248441271908783,0.9030994369461117,,,fedavg,27.0
0.6942148760330579,0.6321743022277782,0.9034394334696627,6.0,,vlocal,28.0
0.7024793388429752,0.6326334390505512,0.9055524051724395,42.0,,simulated_local_0,28.0
0.6942148760330579,0.6366023570040484,0.907362795114899,26.0,,simulated_local_1,28.0
0.7024793388429752,0.6426502879722455,0.9033553492791948,0.0,,simulated_local_2,28.0
0.7107438016528925,0.6493536855847342,0.9014030487871413,30.0,,simulated_local_3,28.0
0.7024793388429752,0.6393445028482787,0.9032775302913383,0.0,,simulated_local_4,28.0
0.7107438016528925,0.6467825193772042,0.9049340884214309,,,fedavg,28.0
0.7024793388429752,0.6424635970090514,0.9079465371523439,1.0,,vlocal,29.0
0.6942148760330579,0.6266665165913008,0.9052263651602701,14.0,,simulated_local_0,29.0
0.7107438016528925,0.6536434900071264,0.9109418588738604,19.0,,simulated_local_1,29.0
0.6942148760330579,0.6271010843847645,0.9020871807825868,20.0,,simulated_local_2,29.0
0.7107438016528925,0.6531950930985525,0.9054968027746949,1.0,,simulated_local_3,29.0
0.71900826446281,0.6583527673110886,0.901856884387993,41.0,,simulated_local_4,29.0
0.6942148760330579,0.6253797495807297,0.9066103902593592,,,fedavg,29.0
0.7107438016528925,0.646518908089156,0.9111284730822802,48.0,,vlocal,30.0
0.7107438016528925,0.6493536855847342,0.9073811936129905,4.0,,simulated_local_0,30.0
0.7024793388429752,0.6361564870225133,0.9064301582876101,0.0,,simulated_local_1,30.0
0.6942148760330579,0.6284797000904764,0.9049582126492582,6.0,,simulated_local_2,30.0
0.71900826446281,0.6578031130858977,0.9052596256061085,2.0,,simulated_local_3,30.0
0.7024793388429752,0.6351023566125814,0.9043300407793127,15.0,,simulated_local_4,30.0
0.7024793388429752,0.6431251758495053,0.9066605560784837,,,fedavg,30.0
0.7355371900826446,0.6792097534812839,0.9120175201008347,17.0,,vlocal,31.0
0.71900826446281,0.6623981824917801,0.9082402190665612,4.0,,simulated_local_0,31.0
0.7107438016528925,0.6552843071559649,0.9041172337079584,16.0,,simulated_local_1,31.0
0.7107438016528925,0.6539493765657846,0.9084193608533891,18.0,,simulated_local_2,31.0
0.7107438016528925,0.648933663249676,0.9054344155491096,28.0,,simulated_local_3,31.0
0.7024793388429752,0.6346883208405406,0.906845509533438,18.0,,simulated_local_4,31.0
0.71900826446281,0.6609586352496843,0.9075426997773659,,,fedavg,31.0
0.7024793388429752,0.6503559801080462,0.9108218488790423,0.0,,vlocal,32.0
0.7272727272727273,0.6667691910764346,0.9064835770066754,7.0,,simulated_local_0,32.0
0.71900826446281,0.6610996054376546,0.9063535961098713,19.0,,simulated_local_1,32.0
0.7024793388429752,0.6393949556338312,0.9058354224402008,16.0,,simulated_local_2,32.0
0.7272727272727273,0.6661689878906292,0.9071202329022102,7.0,,simulated_local_3,32.0
0.7107438016528925,0.6538005135710718,0.9080568164697037,24.0,,simulated_local_4,32.0
0.71900826446281,0.6609586352496843,0.906974638128118,,,fedavg,32.0
0.71900826446281,0.6603011151868711,0.9061822822005297,3.0,,vlocal,33.0
0.7272727272727273,0.6697664987319473,0.9063259901285801,5.0,,simulated_local_0,33.0
0.7272727272727273,0.6719652248577868,0.9102691492007736,10.0,,simulated_local_1,33.0
0.7272727272727273,0.6664607136079802,0.9065532815906161,3.0,,simulated_local_2,33.0
0.71900826446281,0.6640238727929798,0.9054293353331049,27.0,,simulated_local_3,33.0
0.71900826446281,0.6642644203736513,0.9050309384652396,8.0,,simulated_local_4,33.0
0.7272727272727273,0.6697664987319473,0.907134686677141,,,fedavg,33.0
0.7355371900826446,0.6753046816353625,0.9087132929976827,26.0,,vlocal,34.0
0.7272727272727273,0.6737680808634245,0.9057297727208542,5.0,,simulated_local_0,34.0
0.71900826446281,0.6593768883423368,0.9078192159302879,0.0,,simulated_local_1,34.0
0.71900826446281,0.660605120193537,0.9079361098499636,23.0,,simulated_local_2,34.0
0.7272727272727273,0.6671349572176019,0.9101899208580224,1.0,,simulated_local_3,34.0
0.71900826446281,0.6583527673110886,0.904918464914814,5.0,,simulated_local_4,34.0
0.7272727272727273,0.6664607136079802,0.908098546823091,,,fedavg,34.0
0.7107438016528925,0.6506392686884991,0.9039749933486438,3.0,,vlocal,35.0
0.7272727272727273,0.6664607136079802,0.9074557334246441,0.0,,simulated_local_0,35.0
0.7272727272727273,0.6670995670995671,0.9030519739671022,24.0,,simulated_local_1,35.0
0.7272727272727273,0.6673001929200275,0.9058036135715457,27.0,,simulated_local_2,35.0
0.71900826446281,0.6626826734663037,0.9069556290193712,0.0,,simulated_local_3,35.0
0.7107438016528925,0.6478426993562354,0.9039788350606252,3.0,,simulated_local_4,35.0
0.7272727272727273,0.6670995670995671,0.9056987382597633,,,fedavg,35.0
0.7107438016528925,0.6595327537476298,0.908106331068571,47.0,,vlocal,36.0
0.7107438016528925,0.6533984123784566,0.9053591769393114,1.0,,simulated_local_0,36.0
0.7272727272727273,0.6678142631958869,0.9070094829624015,0.0,,simulated_local_1,36.0
0.7107438016528925,0.653922607043529,0.9045013550221939,19.0,,simulated_local_2,36.0
0.7272727272727273,0.6691801444265847,0.9057831961866113,48.0,,simulated_local_3,36.0
0.7107438016528925,0.6510237416110305,0.908121926925882,12.0,,simulated_local_4,36.0
0.71900826446281,0.6593414982243021,0.9074776287645085,,,fedavg,36.0
0.71900826446281,0.6542546435594564,0.9089630800041265,9.0,,vlocal,37.0
0.7107438016528925,0.6531573110085506,0.9111114342749156,0.0,,simulated_local_0,37.0
0.71900826446281,0.6596894952266852,0.9086811551454093,13.0,,simulated_local_1,37.0
0.7355371900826446,0.6802069140497674,0.9078152570343917,10.0,,simulated_local_2,37.0
0.7272727272727273,0.6732067703847586,0.9076422892295327,1.0,,simulated_local_3,37.0
0.7272727272727273,0.6728204435214292,0.9076804026527525,24.0,,simulated_local_4,37.0
0.7107438016528925,0.6526056699610417,0.9092100738271323,,,fedavg,37.0
0.743801652892562,0.6835629409285752,0.9075047299442608,15.0,,vlocal,38.0
0.71900826446281,0.6610521439466278,0.913371493301828,4.0,,simulated_local_0,38.0
0.71900826446281,0.6652843710280507,0.9073690754462868,0.0,,simulated_local_1,38.0
0.7107438016528925,0.6470267040913261,0.9064764803068918,48.0,,simulated_local_2,38.0
0.71900826446281,0.6662564952219437,0.9093065860818837,1.0,,simulated_local_3,38.0
0.7272727272727273,0.6675282129827586,0.905539975810356,3.0,,simulated_local_4,38.0
0.71900826446281,0.6591385310393574,0.907853621609268,,,fedavg,38.0
0.7355371900826446,0.6809455880409317,0.9096919452548784,9.0,,vlocal,39.0
0.7355371900826446,0.6747406701222939,0.9069883430129837,9.0,,simulated_local_0,39.0
0.743801652892562,0.6884722975632067,0.907351116366852,35.0,,simulated_local_1,39.0
0.7272727272727273,0.6682595705274929,0.9025194512212951,41.0,,simulated_local_2,39.0
0.7272727272727273,0.6674036707094558,0.9080338401803228,41.0,,simulated_local_3,39.0
0.7272727272727273,0.6656382317937629,0.9058458070233031,2.0,,simulated_local_4,39.0
0.7355371900826446,0.6735019933765327,0.9063830760376094,,,fedavg,39.0
0.743801652892562,0.6815780898425525,0.9106580813968782,40.0,,vlocal,40.0
0.7355371900826446,0.6814264412262745,0.9104389282192276,25.0,,simulated_local_0,40.0
0.7272727272727273,0.6681933996826428,0.9096040145684314,2.0,,simulated_local_1,40.0
0.71900826446281,0.670645144682637,0.9078154589082168,48.0,,simulated_local_2,40.0
0.7272727272727273,0.669154399542468,0.9088232435211149,6.0,,simulated_local_3,40.0
0.71900826446281,0.657701992949133,0.905179090067615,0.0,,simulated_local_4,40.0
0.7355371900826446,0.6753801688084272,0.9087326326208514,,,fedavg,40.0
0.743801652892562,0.6929699273379982,0.9111323921893024,44.0,,vlocal,41.0
0.71900826446281,0.6700451341819148,0.9034832134558981,31.0,,simulated_local_0,41.0
0.7355371900826446,0.6759911381305423,0.9098499793991318,2.0,,simulated_local_1,41.0
0.7272727272727273,0.6750667821621258,0.914038108190996,37.0,,simulated_local_2,41.0
0.743801652892562,0.6872380887823465,0.9040469240128102,7.0,,simulated_local_3,41.0
0.7355371900826446,0.6739094700511051,0.9051396700626179,1.0,,simulated_local_4,41.0
0.743801652892562,0.6877121894049107,0.909333416681549,,,fedavg,41.0
0.743801652892562,0.6894429419211132,0.9118602611026746,41.0,,vlocal,42.0
0.743801652892562,0.688030856095152,0.9121926140097896,48.0,,simulated_local_0,42.0
0.7355371900826446,0.6807857824785036,0.9109935081998433,25.0,,simulated_local_1,42.0
0.743801652892562,0.6883315164705187,0.9089158523534138,0.0,,simulated_local_2,42.0
0.743801652892562,0.6912776801912056,0.9051027432586088,21.0,,simulated_local_3,42.0
0.743801652892562,0.6881293134064753,0.9077368635630924,2.0,,simulated_local_4,42.0
0.743801652892562,0.6876553331497073,0.9099885685116638,,,fedavg,42.0
0.7355371900826446,0.680750257905463,0.9067953801602063,10.0,,vlocal,43.0
0.7520661157024794,0.7050592505137959,0.9081941421086025,25.0,,simulated_local_0,43.0
0.743801652892562,0.6886751862444619,0.911312878337009,3.0,,simulated_local_1,43.0
0.743801652892562,0.6979919697315382,0.9106064405048566,44.0,,simulated_local_2,43.0
0.743801652892562,0.6886069985641826,0.9061389999745169,44.0,,simulated_local_3,43.0
0.743801652892562,0.6883295767593288,0.9083780572523833,16.0,,simulated_local_4,43.0
0.7355371900826446,0.680750257905463,0.9085684832961943,,,fedavg,43.0
0.7520661157024794,0.7054981137625765,0.9109356883319307,7.0,,vlocal,44.0
0.743801652892562,0.6985279316256116,0.9092531206496042,27.0,,simulated_local_0,44.0
0.7355371900826446,0.680816428750313,0.9078137477571128,0.0,,simulated_local_1,44.0
0.743801652892562,0.6972096881187789,0.9122748361919905,6.0,,simulated_local_2,44.0
0.743801652892562,0.6879483169137655,0.9079268020087238,15.0,,simulated_local_3,44.0
0.7520661157024794,0.6964968105950118,0.9137322828473929,19.0,,simulated_local_4,44.0
0.7355371900826446,0.680816428750313,0.9105068197259147,,,fedavg,44.0
0.7355371900826446,0.680816428750313,0.9072909693945438,9.0,,vlocal,45.0
0.7520661157024794,0.7050592505137959,0.909079688167833,0.0,,simulated_local_0,45.0
0.7603305785123967,0.7140276595290865,0.9149302725701626,22.0,,simulated_local_1,45.0
0.743801652892562,0.6995424982251354,0.9110371723897506,1.0,,simulated_local_2,45.0
0.743801652892562,0.6975923022083069,0.9127848328803878,21.0,,simulated_local_3,45.0
0.743801652892562,0.6886245002345769,0.9085278877846962,2.0,,simulated_local_4,45.0
0.7355371900826446,0.680816428750313,0.9109202380691326,,,fedavg,45.0
0.7603305785123967,0.7134093958747947,0.9163565814766623,3.0,,vlocal,46.0
0.743801652892562,0.6893874450092016,0.9121222260369063,22.0,,simulated_local_0,46.0
0.743801652892562,0.6944342889934805,0.9140819705001186,32.0,,simulated_local_1,46.0
0.7355371900826446,0.6848267191947901,0.9122331183370026,17.0,,simulated_local_2,46.0
0.7520661157024794,0.7063499138285454,0.9150999619139523,27.0,,simulated_local_3,46.0
0.743801652892562,0.6886813642322912,0.909994378201317,7.0,,simulated_local_4,46.0
0.7355371900826446,0.680816428750313,0.912218164075995,,,fedavg,46.0
0.7520661157024794,0.7127844101855796,0.9074928239082706,40.0,,vlocal,47.0
0.7520661157024794,0.7045755653899172,0.9130093911831072,10.0,,simulated_local_0,47.0
0.7520661157024794,0.7117613366783059,0.9165801948962174,42.0,,simulated_local_1,47.0
0.743801652892562,0.6886245002345769,0.912343742752832,1.0,,simulated_local_2,47.0
0.7520661157024794,0.7055042917504059,0.9063665273696463,38.0,,simulated_local_3,47.0
0.7603305785123967,0.7133197381131264,0.9056346824853765,45.0,,simulated_local_4,47.0
0.743801652892562,0.6976156207959453,0.9106547482679185,,,fedavg,47.0
0.768595041322314,0.7145419049162364,0.9131096823290462,23.0,,vlocal,48.0
0.768595041322314,0.7204309923318187,0.9129406465646329,38.0,,simulated_local_0,48.0
0.7520661157024794,0.7117773564054555,0.911691500494002,20.0,,simulated_local_1,48.0
0.743801652892562,0.698214743669289,0.9134796234009726,36.0,,simulated_local_2,48.0
0.7520661157024794,0.7058962478657789,0.9102865241491002,33.0,,simulated_local_3,48.0
0.7520661157024794,0.7055042917504059,0.9105918434284571,1.0,,simulated_local_4,48.0
0.7603305785123967,0.7124970850451283,0.913404783723212,,,fedavg,48.0
0.7520661157024794,0.7045755653899172,0.9098782713030001,0.0,,vlocal,49.0
0.7603305785123967,0.7196067889087848,0.9089044059491975,44.0,,simulated_local_0,49.0
0.768595041322314,0.7212792767421624,0.9114200386251116,29.0,,simulated_local_1,49.0
0.768595041322314,0.7316702377308437,0.9151463518020116,21.0,,simulated_local_2,49.0
0.7768595041322314,0.7333665796677287,0.917758647798184,48.0,,simulated_local_3,49.0
0.7603305785123967,0.7124970850451283,0.9135271050420622,1.0,,simulated_local_4,49.0
0.7603305785123967,0.7124970850451283,0.9133171920929557,,,fedavg,49.0
0.768595041322314,0.727622545804364,0.911746584623754,3.0,,vlocal,50.0
0.768595041322314,0.7283618140847482,0.9084507010998829,45.0,,simulated_local_0,50.0
0.768595041322314,0.7273927188036973,0.9128706974508192,39.0,,simulated_local_1,50.0
0.7603305785123967,0.7185163321526958,0.9100708876264081,2.0,,simulated_local_2,50.0
0.7851239669421488,0.7447893217599681,0.9134235642986963,23.0,,simulated_local_3,50.0
0.7603305785123967,0.7124970850451283,0.9123461025140502,0.0,,simulated_local_4,50.0
0.7603305785123967,0.7124970850451283,0.9122504113977817,,,fedavg,50.0
0.768595041322314,0.7310147935886233,0.908704540838699,16.0,,vlocal,51.0
0.7768595041322314,0.737781675399917,0.9113997908684924,10.0,,simulated_local_0,51.0
0.768595041322314,0.7198654012852956,0.9119052422166085,14.0,,simulated_local_1,51.0
0.7768595041322314,0.7379395423472558,0.9141098352621077,47.0,,simulated_local_2,51.0
0.7603305785123967,0.7124970850451283,0.9122836871478603,0.0,,simulated_local_3,51.0
0.768595041322314,0.7214676608297799,0.9067995742705849,19.0,,simulated_local_4,51.0
0.7768595041322314,0.7337996814262633,0.9122759746000634,,,fedavg,51.0
0.7851239669421488,0.7456165780101828,0.9124190749038213,18.0,,vlocal,52.0
0.7851239669421488,0.7453204483507514,0.9133147627377236,2.0,,simulated_local_0,52.0
0.7768595041322314,0.7337996814262633,0.9071299416027446,5.0,,simulated_local_1,52.0
0.768595041322314,0.721343303161485,0.9130455919478169,3.0,,simulated_local_2,52.0
0.7768595041322314,0.7370272315175895,0.9106357673282303,0.0,,simulated_local_3,52.0
0.768595041322314,0.727622545804364,0.9104579495962153,23.0,,simulated_local_4,52.0
0.7768595041322314,0.737781675399917,0.9127042779482402,,,fedavg,52.0
0.7768595041322314,0.7381172059969432,0.9140830486251422,2.0,,vlocal,53.0
0.768595041322314,0.7267657318866093,0.9139306921420708,0.0,,simulated_local_0,53.0
0.768595041322314,0.7313329839824735,0.9126889328856514,0.0,,simulated_local_1,53.0
0.7768595041322314,0.7326075641236649,0.9117579872246102,4.0,,simulated_local_2,53.0
0.7851239669421488,0.7450036111394708,0.9113851854014442,22.0,,simulated_local_3,53.0
0.7851239669421488,0.744577481492082,0.909805087594391,0.0,,simulated_local_4,53.0
0.7851239669421488,0.7449395847201484,0.9124873265817957,,,fedavg,53.0
0.7851239669421488,0.7458518955498147,0.9136967988141799,4.0,,vlocal,54.0
0.7768595041322314,0.737781675399917,0.9127492700771928,5.0,,simulated_local_0,54.0
0.7851239669421488,0.7458518955498147,0.9138690025979844,16.0,,simulated_local_1,54.0
0.7851239669421488,0.7475055082460063,0.9144719792547181,12.0,,simulated_local_2,54.0
0.7851239669421488,0.7458518955498147,0.9123102638911968,15.0,,simulated_local_3,54.0
0.7768595041322314,0.7368003410437146,0.910105335753725,2.0,,simulated_local_4,54.0
0.7851239669421488,0.7449395847201484,0.9131740712665687,,,fedavg,54.0
0.7851239669421488,0.7449395847201484,0.9114134842321817,1.0,,vlocal,55.0
0.7851239669421488,0.746284844631952,0.9091202974527675,15.0,,simulated_local_0,55.0
0.7851239669421488,0.7458518955498147,0.9118038542355108,6.0,,simulated_local_1,55.0
0.7851239669421488,0.7458518955498147,0.915200690372982,2.0,,simulated_local_2,55.0
0.7851239669421488,0.7456165780101828,0.9135672902037278,9.0,,simulated_local_3,55.0
0.7851239669421488,0.7454925494402838,0.9143534519874466,10.0,,simulated_local_4,55.0
0.7851239669421488,0.7449395847201484,0.9129191291602666,,,fedavg,55.0
0.7768595041322314,0.7386939862295833,0.9123706259239904,1.0,,vlocal,56.0
0.7768595041322314,0.7378371723118284,0.9100035589669078,19.0,,simulated_local_0,56.0
0.7851239669421488,0.7458518955498147,0.9120109913164558,33.0,,simulated_local_1,56.0
0.7768595041322314,0.7391564612860136,0.9127336885516412,1.0,,simulated_local_2,56.0
0.7851239669421488,0.7458518955498147,0.9132459335282942,10.0,,simulated_local_3,56.0
0.7851239669421488,0.7458518955498147,0.914240799801562,0.0,,simulated_local_4,56.0
0.7851239669421488,0.7449395847201484,0.9129202405753629,,,fedavg,56.0
0.7851239669421488,0.7454897923217483,0.912442603910594,0.0,,vlocal,57.0
0.7851239669421488,0.745915921969137,0.9143865683177271,15.0,,simulated_local_0,57.0
0.7933884297520661,0.75292928557061,0.9138776123068939,37.0,,simulated_local_1,57.0
0.7851239669421488,0.7469966594135108,0.9092117211008656,31.0,,simulated_local_2,57.0
0.7851239669421488,0.744577481492082,0.9116741422412964,4.0,,simulated_local_3,57.0
0.7851239669421488,0.7454897923217483,0.9110872908775858,0.0,,simulated_local_4,57.0
0.7851239669421488,0.7458518955498147,0.9125903080767218,,,fedavg,57.0
0.7933884297520661,0.7538415964002763,0.9166503283994389,4.0,,vlocal,58.0
0.7851239669421488,0.7470236571233695,0.9094983022423253,16.0,,simulated_local_0,58.0
0.7933884297520661,0.7525879826401346,0.9112394018412314,29.0,,simulated_local_1,58.0
0.7851239669421488,0.745915921969137,0.9141076222664255,0.0,,simulated_local_2,58.0
0.7851239669421488,0.7465732868846575,0.9119182933121733,25.0,,simulated_local_3,58.0
0.7851239669421488,0.7458518955498147,0.913633011423262,0.0,,simulated_local_4,58.0
0.7851239669421488,0.7458518955498147,0.9130251995773859,,,fedavg,58.0
0.7933884297520661,0.7566816822268535,0.9154707434598437,6.0,,vlocal,59.0
0.7768595041322314,0.7393998759458693,0.9140406566365336,5.0,,simulated_local_0,59.0
0.7933884297520661,0.7538415964002763,0.9155364779710001,35.0,,simulated_local_1,59.0
0.7851239669421488,0.7465732868846575,0.9139062292004444,0.0,,simulated_local_2,59.0
0.7851239669421488,0.7458518955498147,0.911973249534799,0.0,,simulated_local_3,59.0
0.7851239669421488,0.7458518955498147,0.9130900164873165,0.0,,simulated_local_4,59.0
0.7851239669421488,0.7458518955498147,0.9144571451349024,,,fedavg,59.0
0.7933884297520661,0.7538415964002763,0.9126812980183798,0.0,,vlocal,60.0
0.7933884297520661,0.7561020943277241,0.9158642280748515,5.0,,simulated_local_0,60.0
0.7933884297520661,0.7545818467197749,0.9148503821489462,0.0,,simulated_local_1,60.0
0.7851239669421488,0.7458518955498147,0.9147230240545096,0.0,,simulated_local_2,60.0
0.7933884297520661,0.75292928557061,0.9158841464166222,2.0,,simulated_local_3,60.0
0.7851239669421488,0.7449395847201484,0.9154206740882868,14.0,,simulated_local_4,60.0
0.7933884297520661,0.7538415964002763,0.9148838414952094,,,fedavg,60.0
0.7851239669421488,0.7473174541537185,0.9130020098515874,5.0,,vlocal,61.0
0.8016528925619835,0.7639507351094695,0.9166506205315429,25.0,,simulated_local_0,61.0
0.7933884297520661,0.7528022720196373,0.9136185855597266,1.0,,simulated_local_1,61.0
0.7933884297520661,0.7545818467197749,0.9174163017503857,1.0,,simulated_local_2,61.0
0.7933884297520661,0.7537145828493036,0.914362362872909,5.0,,simulated_local_3,61.0
0.7851239669421488,0.745915921969137,0.9143397369699399,0.0,,simulated_local_4,61.0
0.7933884297520661,0.7538415964002763,0.9159534433829075,,,fedavg,61.0
0.7851239669421488,0.7481809969614847,0.912309775959478,17.0,,vlocal,62.0
0.8016528925619835,0.7639507351094695,0.9166655333227013,0.0,,simulated_local_0,62.0
0.7851239669421488,0.7465732868846575,0.9145536942038626,0.0,,simulated_local_1,62.0
0.7933884297520661,0.7580802836254549,0.920621531325602,20.0,,simulated_local_2,62.0
0.7933884297520661,0.7528022720196373,0.9158326591736935,0.0,,simulated_local_3,62.0
0.7851239669421488,0.7470380075701583,0.91830440531794,32.0,,simulated_local_4,62.0
0.7933884297520661,0.754454833168802,0.9175309713552234,,,fedavg,62.0
0.7933884297520661,0.7568943224007442,0.9160936667589251,10.0,,vlocal,63.0
0.7933884297520661,0.7584388760033487,0.9157125484695917,14.0,,simulated_local_0,63.0
0.7933884297520661,0.7537145828493036,0.9161763392884922,0.0,,simulated_local_1,63.0
0.7933884297520661,0.7545818467197749,0.9168897199209438,4.0,,simulated_local_2,63.0
0.7933884297520661,0.7558332773410378,0.9200613380869339,16.0,,simulated_local_3,63.0
0.7851239669421488,0.7465288888398489,0.9175804145649712,0.0,,simulated_local_4,63.0
0.7933884297520661,0.7538415964002763,0.917762869934088,,,fedavg,63.0
0.8016528925619835,0.7643990267848888,0.9130863601938145,35.0,,vlocal,64.0
0.7933884297520661,0.7538415964002763,0.9181307497037147,6.0,,simulated_local_0,64.0
0.7768595041322314,0.7394402389054796,0.9166575011275424,0.0,,simulated_local_1,64.0
0.8016528925619835,0.7646909854289682,0.9190597385819924,0.0,,simulated_local_2,64.0
0.7933884297520661,0.7537145828493036,0.9171490440932156,1.0,,simulated_local_3,64.0
0.7933884297520661,0.7537145828493036,0.9144851741291403,1.0,,simulated_local_4,64.0
0.7933884297520661,0.7537145828493036,0.9164700806055944,,,fedavg,64.0
0.7851239669421488,0.7465732868846575,0.9142083882263443,9.0,,vlocal,65.0
0.8016528925619835,0.7648693237717039,0.9146659286501997,33.0,,simulated_local_0,65.0
0.8016528925619835,0.7637589517721771,0.9173654408788743,5.0,,simulated_local_1,65.0
0.8099173553719008,0.7741544782809168,0.9151365200570707,42.0,,simulated_local_2,65.0
0.8016528925619835,0.7646909854289682,0.9164119707440238,0.0,,simulated_local_3,65.0
0.7933884297520661,0.7565651615394325,0.9147920239083637,2.0,,simulated_local_4,65.0
0.8016528925619835,0.7637589517721771,0.9163338011832264,,,fedavg,65.0
0.8016528925619835,0.7646909854289682,0.9153953877334706,8.0,,vlocal,66.0
0.8016528925619835,0.7650534735270371,0.9187982192383181,24.0,,simulated_local_0,66.0
0.8016528925619835,0.7637589517721771,0.9148186687642303,18.0,,simulated_local_1,66.0
0.8016528925619835,0.7637589517721771,0.9178792520801459,0.0,,simulated_local_2,66.0
0.8016528925619835,0.7637589517721771,0.9181281755073578,1.0,,simulated_local_3,66.0
0.7933884297520661,0.7565651615394325,0.9162216127362343,0.0,,simulated_local_4,66.0
0.8016528925619835,0.7637589517721771,0.9170982625468476,,,fedavg,66.0
0.8099173553719008,0.7721337163377603,0.9151985627602135,4.0,,vlocal,67.0
0.8016528925619835,0.7637589517721771,0.9177525617906184,0.0,,simulated_local_0,67.0
0.8016528925619835,0.7637589517721771,0.9180068210182453,0.0,,simulated_local_1,67.0
0.8016528925619835,0.7687389885155996,0.9167521548728707,18.0,,simulated_local_2,67.0
0.8016528925619835,0.7644992020916758,0.9174306525128721,0.0,,simulated_local_3,67.0
0.8016528925619835,0.7637589517721771,0.9162553081799899,0.0,,simulated_local_4,67.0
0.8016528925619835,0.7644992020916758,0.9169007143309629,,,fedavg,67.0
0.8016528925619835,0.7649842352321691,0.9159795983298465,3.0,,vlocal,68.0
0.8099173553719008,0.7729471838918042,0.9176654551009759,0.0,,simulated_local_0,68.0
0.8099173553719008,0.7729471838918042,0.9165900170409158,0.0,,simulated_local_1,68.0
0.8099173553719008,0.7729471838918042,0.9177164426421983,4.0,,simulated_local_2,68.0
0.8016528925619835,0.7644992020916758,0.9170520289875774,1.0,,simulated_local_3,68.0
0.8016528925619835,0.7637589517721771,0.9146859517672727,0.0,,simulated_local_4,68.0
0.8099173553719008,0.7729471838918042,0.9164767056456373,,,fedavg,68.0
0.7933884297520661,0.7565651615394325,0.9188256573313897,2.0,,vlocal,69.0
0.8099173553719008,0.7729471838918042,0.9133354027416825,9.0,,simulated_local_0,69.0
0.8099173553719008,0.7712214055080939,0.9192997419967772,24.0,,simulated_local_1,69.0
0.8016528925619835,0.7646909854289682,0.9179902044008864,12.0,,simulated_local_2,69.0
0.8099173553719008,0.7729471838918042,0.9170465017007955,19.0,,simulated_local_3,69.0
0.8016528925619835,0.7637589517721771,0.9164464197312716,0.0,,simulated_local_4,69.0
0.8016528925619835,0.7637589517721771,0.9176875210435329,,,fedavg,69.0
0.8016528925619835,0.7647109819062664,0.9184883682988518,17.0,,vlocal,70.0
0.8099173553719008,0.7729471838918042,0.9154292136347426,18.0,,simulated_local_0,70.0
0.8099173553719008,0.7729471838918042,0.9176773227065933,43.0,,simulated_local_1,70.0
0.8016528925619835,0.7656305335999474,0.9194701415248914,8.0,,simulated_local_2,70.0
0.8099173553719008,0.7729471838918042,0.9186534117366089,2.0,,simulated_local_3,70.0
0.8016528925619835,0.7655303582931604,0.9178553038074488,14.0,,simulated_local_4,70.0
0.8099173553719008,0.7729471838918042,0.9184395660240194,,,fedavg,70.0
0.8099173553719008,0.7729471838918042,0.9188827669865239,1.0,,vlocal,71.0
0.8099173553719008,0.7729471838918042,0.9194541607008834,0.0,,simulated_local_0,71.0
0.8099173553719008,0.7721337163377603,0.9179174140195895,0.0,,simulated_local_1,71.0
0.8016528925619835,0.7690432313151788,0.9224260632506107,34.0,,simulated_local_2,71.0
0.8099173553719008,0.7729471838918042,0.9181129343819552,0.0,,simulated_local_3,71.0
0.8099173553719008,0.7729471838918042,0.9181514031279694,8.0,,simulated_local_4,71.0
0.8099173553719008,0.7729471838918042,0.9185148760921744,,,fedavg,71.0
0.8016528925619835,0.7648693237717039,0.9194852217689301,49.0,,vlocal,72.0
0.8099173553719008,0.7729471838918042,0.9181680294315642,4.0,,simulated_local_0,72.0
0.8099173553719008,0.7726288633313426,0.9188038797694882,30.0,,simulated_local_1,72.0
0.8099173553719008,0.7741544782809168,0.9197157296578252,0.0,,simulated_local_2,72.0
0.8099173553719008,0.7723254996750527,0.915219794613792,35.0,,simulated_local_3,72.0
0.8016528925619835,0.7656095740912026,0.9178809234588158,9.0,,simulated_local_4,72.0
0.8099173553719008,0.7729471838918042,0.919110361405992,,,fedavg,72.0
0.8016528925619835,0.7655303582931604,0.9191764573900293,0.0,,vlocal,73.0
0.8099173553719008,0.7729471838918042,0.918641325899511,0.0,,simulated_local_0,73.0
0.8099173553719008,0.7729471838918042,0.9189847577146518,11.0,,simulated_local_1,73.0
0.8099173553719008,0.7759991541801926,0.9187665554147052,39.0,,simulated_local_2,73.0
0.8099173553719008,0.7729471838918042,0.9190136126180921,0.0,,simulated_local_3,73.0
0.8016528925619835,0.7641049186503731,0.9171747905293728,2.0,,simulated_local_4,73.0
0.8099173553719008,0.7729471838918042,0.9189839738061161,,,fedavg,73.0
0.8099173553719008,0.7729471838918042,0.917862207884303,3.0,,vlocal,74.0
0.8099173553719008,0.7729471838918042,0.9172542979614167,0.0,,simulated_local_0,74.0
0.8099173553719008,0.7729471838918042,0.9201327954233465,0.0,,simulated_local_1,74.0
0.8099173553719008,0.7741544782809168,0.9182873014887379,11.0,,simulated_local_2,74.0
0.8099173553719008,0.7729471838918042,0.9194946920792446,0.0,,simulated_local_3,74.0
0.8099173553719008,0.7729471838918042,0.9183889572981436,0.0,,simulated_local_4,74.0
0.8099173553719008,0.7729471838918042,0.9181504777152835,,,fedavg,74.0
0.8099173553719008,0.7741544782809168,0.9195032945827555,3.0,,vlocal,75.0
0.8099173553719008,0.7741544782809168,0.9179606693364056,3.0,,simulated_local_0,75.0
0.8099173553719008,0.7729471838918042,0.9175081202455335,0.0,,simulated_local_1,75.0
0.8099173553719008,0.7731389672290966,0.9184906932932555,1.0,,simulated_local_2,75.0
0.8099173553719008,0.7729471838918042,0.9187888607784505,0.0,,simulated_local_3,75.0
0.8016528925619835,0.7644992020916758,0.9178780787405438,0.0,,simulated_local_4,75.0
0.8099173553719008,0.7729471838918042,0.9186935749602371,,,fedavg,75.0
0.8099173553719008,0.7741544782809168,0.9179798933456654,7.0,,vlocal,76.0
0.8099173553719008,0.7731389672290966,0.916267147348769,3.0,,simulated_local_0,76.0
0.8099173553719008,0.7731389672290966,0.915858283258763,25.0,,simulated_local_1,76.0
0.8099173553719008,0.7729471838918042,0.9187461953182375,0.0,,simulated_local_2,76.0
0.8099173553719008,0.7729471838918042,0.9180355950701654,0.0,,simulated_local_3,76.0
0.8099173553719008,0.7729471838918042,0.9185295226218694,0.0,,simulated_local_4,76.0
0.8099173553719008,0.7729471838918042,0.918231320131798,,,fedavg,76.0
0.8099173553719008,0.7731389672290966,0.9186012240901207,0.0,,vlocal,77.0
0.8099173553719008,0.7731389672290966,0.9190000408856145,0.0,,simulated_local_0,77.0
0.8099173553719008,0.7729471838918042,0.9170911737830877,0.0,,simulated_local_1,77.0
0.8099173553719008,0.7743462616182092,0.9159324108695195,5.0,,simulated_local_2,77.0
0.8099173553719008,0.7729471838918042,0.9183549470074641,0.0,,simulated_local_3,77.0
0.8099173553719008,0.7739150052676573,0.9175162967298174,37.0,,simulated_local_4,77.0
0.8099173553719008,0.7729471838918042,0.918433807132884,,,fedavg,77.0
0.8099173553719008,0.7741544782809168,0.9180104146025548,6.0,,vlocal,78.0
0.8099173553719008,0.7731389672290966,0.9184563958507994,1.0,,simulated_local_0,78.0
0.8099173553719008,0.7731389672290966,0.9186769439440948,36.0,,simulated_local_1,78.0
0.8099173553719008,0.7741544782809168,0.9176355699181794,2.0,,simulated_local_2,78.0
0.8099173553719008,0.7731389672290966,0.9161429797207643,9.0,,simulated_local_3,78.0
0.8099173553719008,0.7729471838918042,0.9181928309026736,0.0,,simulated_local_4,78.0
0.8099173553719008,0.7729471838918042,0.9173594463628927,,,fedavg,78.0
0.8099173553719008,0.7743462616182092,0.917275609563781,20.0,,vlocal,79.0
0.8099173553719008,0.7729471838918042,0.9176232704075507,0.0,,simulated_local_0,79.0
0.8099173553719008,0.7731389672290966,0.9182531582729826,1.0,,simulated_local_1,79.0
0.8099173553719008,0.7756949113806134,0.9169174237354927,6.0,,simulated_local_2,79.0
0.8099173553719008,0.7743462616182092,0.918228291069012,0.0,,simulated_local_3,79.0
0.8099173553719008,0.7729471838918042,0.91685203045944,0.0,,simulated_local_4,79.0
0.8099173553719008,0.7729471838918042,0.9181631865431953,,,fedavg,79.0
0.8099173553719008,0.7731389672290966,0.9168217055693407,2.0,,vlocal,80.0
0.8099173553719008,0.7741544782809168,0.9176088031136854,0.0,,simulated_local_0,80.0
0.8099173553719008,0.7731389672290966,0.9178418432836314,0.0,,simulated_local_1,80.0
0.8099173553719008,0.7758866947179058,0.9183586099761791,20.0,,simulated_local_2,80.0
0.8099173553719008,0.7743462616182092,0.9156978210671943,34.0,,simulated_local_3,80.0
0.8099173553719008,0.7729471838918042,0.9178828296526693,10.0,,simulated_local_4,80.0
0.8099173553719008,0.7731389672290966,0.917314186730319,,,fedavg,80.0
0.8099173553719008,0.7731389672290966,0.9170701471523222,3.0,,vlocal,81.0
0.8099173553719008,0.7741544782809168,0.9182358476509614,9.0,,simulated_local_0,81.0
0.8099173553719008,0.7723254996750527,0.9173499764385985,0.0,,simulated_local_1,81.0
0.8099173553719008,0.7758866947179058,0.916893472489395,4.0,,simulated_local_2,81.0
0.8099173553719008,0.7743462616182092,0.9180963883747195,4.0,,simulated_local_3,81.0
0.8099173553719008,0.7731389672290966,0.9167355741734321,0.0,,simulated_local_4,81.0
0.8099173553719008,0.7731389672290966,0.9167395729824497,,,fedavg,81.0
0.8099173553719008,0.7759991541801926,0.9195751199072896,35.0,,vlocal,82.0
0.8099173553719008,0.7743462616182092,0.9181334902211307,8.0,,simulated_local_0,82.0
0.8099173553719008,0.7758866947179058,0.9181366901708294,3.0,,simulated_local_1,82.0
0.8099173553719008,0.7758866947179058,0.9165707852875363,2.0,,simulated_local_2,82.0
0.8099173553719008,0.7731389672290966,0.9165181397338782,0.0,,simulated_local_3,82.0
0.8099173553719008,0.7729471838918042,0.9170144336565701,0.0,,simulated_local_4,82.0
0.8099173553719008,0.7731389672290966,0.9177767392680825,,,fedavg,82.0
0.8099173553719008,0.7741544782809168,0.9199700898492378,9.0,,vlocal,83.0
0.8099173553719008,0.7743462616182092,0.9186302183023585,1.0,,simulated_local_0,83.0
0.8099173553719008,0.7743462616182092,0.9197030809286465,6.0,,simulated_local_1,83.0
0.8099173553719008,0.776257557869128,0.9193441257894651,19.0,,simulated_local_2,83.0
0.8099173553719008,0.7743462616182092,0.9188649565148376,12.0,,simulated_local_3,83.0
0.8099173553719008,0.7743462616182092,0.9175191511298987,6.0,,simulated_local_4,83.0
0.8099173553719008,0.7743462616182092,0.9192486653746228,,,fedavg,83.0
0.8099173553719008,0.7743462616182092,0.9175540258844013,0.0,,vlocal,84.0
0.8099173553719008,0.7743462616182092,0.9195949451941096,1.0,,simulated_local_0,84.0
0.8099173553719008,0.7731389672290966,0.9198398141848947,0.0,,simulated_local_1,84.0
0.8099173553719008,0.774537568627698,0.9178506311091954,40.0,,simulated_local_2,84.0
0.8099173553719008,0.7743462616182092,0.9209629858220719,13.0,,simulated_local_3,84.0
0.8099173553719008,0.7729471838918042,0.9192990571111757,0.0,,simulated_local_4,84.0
0.8099173553719008,0.7743462616182092,0.9194460072333442,,,fedavg,84.0
0.8099173553719008,0.7741544782809168,0.9180097394275327,20.0,,vlocal,85.0
0.8099173553719008,0.7743462616182092,0.9190265299416129,0.0,,simulated_local_0,85.0
0.8099173553719008,0.7743462616182092,0.9187424286709481,0.0,,simulated_local_1,85.0
0.8099173553719008,0.7743462616182092,0.9200282061109702,1.0,,simulated_local_2,85.0
0.8099173553719008,0.7743462616182092,0.9183183230859587,4.0,,simulated_local_3,85.0
0.8099173553719008,0.7741544782809168,0.9198228261387422,5.0,,simulated_local_4,85.0
0.8099173553719008,0.7741544782809168,0.919267765494404,,,fedavg,85.0
0.8099173553719008,0.7743462616182092,0.9187238150959312,0.0,,vlocal,86.0
0.8099173553719008,0.7743462616182092,0.9206451549990635,2.0,,simulated_local_0,86.0
0.8099173553719008,0.7729471838918042,0.9200081897339214,0.0,,simulated_local_1,86.0
0.8099173553719008,0.7743462616182092,0.9183149718829597,0.0,,simulated_local_2,86.0
0.8099173553719008,0.7743462616182092,0.9168583617689193,1.0,,simulated_local_3,86.0
0.8099173553719008,0.7741544782809168,0.9179443901426334,0.0,,simulated_local_4,86.0
0.8099173553719008,0.7743462616182092,0.918356905775972,,,fedavg,86.0
0.8099173553719008,0.7741544782809168,0.9213958295083887,7.0,,vlocal,87.0
0.8099173553719008,0.7743462616182092,0.9182919232885696,1.0,,simulated_local_0,87.0
0.8099173553719008,0.7741544782809168,0.91791139058622,0.0,,simulated_local_1,87.0
0.8099173553719008,0.7759991541801926,0.9173174174408824,10.0,,simulated_local_2,87.0
0.8099173553719008,0.7743462616182092,0.9178851034293389,0.0,,simulated_local_3,87.0
0.8016528925619835,0.7655303582931604,0.9162618445014097,29.0,,simulated_local_4,87.0
0.8099173553719008,0.7741544782809168,0.9174439832857704,,,fedavg,87.0
0.8181818181818182,0.784702121715151,0.9196786286476335,41.0,,vlocal,88.0
0.8099173553719008,0.7743462616182092,0.9187828588759158,4.0,,simulated_local_0,88.0
0.8099173553719008,0.7729471838918042,0.9171952529228347,0.0,,simulated_local_1,88.0
0.8099173553719008,0.7743462616182092,0.9174226886739959,8.0,,simulated_local_2,88.0
0.8099173553719008,0.7743462616182092,0.9177613161013258,3.0,,simulated_local_3,88.0
0.8099173553719008,0.7729471838918042,0.9176323761697835,0.0,,simulated_local_4,88.0
0.8099173553719008,0.7741544782809168,0.9179845901520168,,,fedavg,88.0
0.8099173553719008,0.7743462616182092,0.9178931809608742,1.0,,vlocal,89.0
0.8099173553719008,0.7741544782809168,0.9169948764241066,0.0,,simulated_local_0,89.0
0.8099173553719008,0.7743462616182092,0.9190959367877756,34.0,,simulated_local_1,89.0
0.8099173553719008,0.7741544782809168,0.9175872995826594,0.0,,simulated_local_2,89.0
0.8099173553719008,0.7743462616182092,0.9186419600447664,1.0,,simulated_local_3,89.0
0.8099173553719008,0.774537568627698,0.9140055412635792,39.0,,simulated_local_4,89.0
0.8099173553719008,0.7741544782809168,0.9176773505060711,,,fedavg,89.0
0.8099173553719008,0.7743462616182092,0.9192715910387368,5.0,,vlocal,90.0
0.8099173553719008,0.7743462616182092,0.918296588680256,0.0,,simulated_local_0,90.0
0.8099173553719008,0.7743462616182092,0.9187194524059107,18.0,,simulated_local_1,90.0
0.8099173553719008,0.7741544782809168,0.9185197462577395,0.0,,simulated_local_2,90.0
0.8099173553719008,0.7741544782809168,0.9177251137653455,9.0,,simulated_local_3,90.0
0.8099173553719008,0.7729471838918042,0.916229392916012,0.0,,simulated_local_4,90.0
0.8099173553719008,0.7741544782809168,0.9178254355810975,,,fedavg,90.0
0.8099173553719008,0.7759991541801926,0.9182405245097622,11.0,,vlocal,91.0
0.8099173553719008,0.7741544782809168,0.916339617527543,1.0,,simulated_local_0,91.0
0.8099173553719008,0.7743462616182092,0.9188783230257664,2.0,,simulated_local_1,91.0
0.8099173553719008,0.7759991541801926,0.9172557386968322,15.0,,simulated_local_2,91.0
0.8099173553719008,0.7743462616182092,0.9192130416959113,1.0,,simulated_local_3,91.0
0.8099173553719008,0.7729471838918042,0.9189506660125482,0.0,,simulated_local_4,91.0
0.8099173553719008,0.7741544782809168,0.9174113863217912,,,fedavg,91.0
0.8099173553719008,0.7743462616182092,0.9151675595282068,23.0,,vlocal,92.0
0.8099173553719008,0.7743462616182092,0.9195869725456842,0.0,,simulated_local_0,92.0
0.8099173553719008,0.7736646408083618,0.9157819486278953,22.0,,simulated_local_1,92.0
0.8099173553719008,0.7741544782809168,0.9172763541396486,0.0,,simulated_local_2,92.0
0.8099173553719008,0.7743462616182092,0.917944340318493,0.0,,simulated_local_3,92.0
0.8099173553719008,0.7741544782809168,0.9180585170694564,0.0,,simulated_local_4,92.0
0.8099173553719008,0.7743462616182092,0.9170282393929876,,,fedavg,92.0
0.8099173553719008,0.7759991541801926,0.9161977508789998,0.0,,vlocal,93.0
0.8181818181818182,0.7830492291531677,0.9189840721256143,33.0,,simulated_local_0,93.0
0.8099173553719008,0.7759991541801926,0.9189895931219385,2.0,,simulated_local_1,93.0
0.8099173553719008,0.7759991541801926,0.9193608185040651,26.0,,simulated_local_2,93.0
0.8099173553719008,0.7743462616182092,0.9184018324682968,0.0,,simulated_local_3,93.0
0.8099173553719008,0.7743462616182092,0.9181111756153418,0.0,,simulated_local_4,93.0
0.8099173553719008,0.7743462616182092,0.9178382787197751,,,fedavg,93.0
0.8099173553719008,0.7765917792719369,0.9168021190704585,32.0,,vlocal,94.0
0.8099173553719008,0.7743462616182092,0.918442938671228,0.0,,simulated_local_0,94.0
0.8099173553719008,0.7743462616182092,0.9175059231914517,0.0,,simulated_local_1,94.0
0.8099173553719008,0.7759991541801926,0.9210098640357745,17.0,,simulated_local_2,94.0
0.8099173553719008,0.7743462616182092,0.9186753470901303,4.0,,simulated_local_3,94.0
0.8099173553719008,0.7743462616182092,0.9183536227120597,0.0,,simulated_local_4,94.0
0.8099173553719008,0.7743462616182092,0.917937800122642,,,fedavg,94.0
0.8099173553719008,0.7743462616182092,0.9206723432363815,0.0,,vlocal,95.0
0.8099173553719008,0.7743462616182092,0.9172764232695527,0.0,,simulated_local_0,95.0
0.8099173553719008,0.7743462616182092,0.9200686963969669,0.0,,simulated_local_1,95.0
0.8099173553719008,0.7777461988501373,0.9222946970251268,45.0,,simulated_local_2,95.0
0.8099173553719008,0.7743462616182092,0.9187757701538878,0.0,,simulated_local_3,95.0
0.8099173553719008,0.7743462616182092,0.9189533655903002,0.0,,simulated_local_4,95.0
0.8099173553719008,0.7743462616182092,0.9196667311489859,,,fedavg,95.0
0.8099173553719008,0.7731389672290966,0.9203754314838616,0.0,,vlocal,96.0
0.8099173553719008,0.7743462616182092,0.9186054994921018,3.0,,simulated_local_0,96.0
0.8099173553719008,0.7743462616182092,0.9195300784600384,2.0,,simulated_local_1,96.0
0.8099173553719008,0.7758866947179058,0.9210327320370988,32.0,,simulated_local_2,96.0
0.8099173553719008,0.7758866947179058,0.9179948042045087,34.0,,simulated_local_3,96.0
0.8099173553719008,0.7743462616182092,0.9191591285068073,0.0,,simulated_local_4,96.0
0.8099173553719008,0.7743462616182092,0.919421840926761,,,fedavg,96.0
0.8099173553719008,0.7759991541801926,0.9150389035708069,15.0,,vlocal,97.0
0.8099173553719008,0.7743462616182092,0.9195492199848574,0.0,,simulated_local_0,97.0
0.8099173553719008,0.7743462616182092,0.9194550605688809,0.0,,simulated_local_1,97.0
0.8099173553719008,0.7777461988501373,0.9207172136155655,24.0,,simulated_local_2,97.0
0.8099173553719008,0.7743462616182092,0.9178029282249704,0.0,,simulated_local_3,97.0
0.8099173553719008,0.7743462616182092,0.9193172435114334,0.0,,simulated_local_4,97.0
0.8099173553719008,0.7743462616182092,0.9180981609729411,,,fedavg,97.0
0.8099173553719008,0.7777461988501373,0.9168071806246993,37.0,,vlocal,98.0
0.8099173553719008,0.7743462616182092,0.9188030612269211,0.0,,simulated_local_0,98.0
0.8099173553719008,0.7743462616182092,0.9204739861720697,0.0,,simulated_local_1,98.0
0.8099173553719008,0.7759991541801926,0.9185347619383597,15.0,,simulated_local_2,98.0
0.8099173553719008,0.7743462616182092,0.9197235349314598,0.0,,simulated_local_3,98.0
0.8099173553719008,0.774537568627698,0.919192181239511,22.0,,simulated_local_4,98.0
0.8099173553719008,0.7743462616182092,0.9191913360978919,,,fedavg,98.0
0.8099173553719008,0.7743462616182092,0.9200866900007281,0.0,,vlocal,99.0
0.8099173553719008,0.7759991541801926,0.9201102409916961,38.0,,simulated_local_0,99.0
0.8099173553719008,0.7731389672290966,0.9211585294379794,0.0,,simulated_local_1,99.0
0.8099173553719008,0.7759991541801926,0.9244429987604642,20.0,,simulated_local_2,99.0
0.8099173553719008,0.7759991541801926,0.9197827228162532,43.0,,simulated_local_3,99.0
0.8099173553719008,0.774537568627698,0.919371987364019,2.0,,simulated_local_4,99.0
0.8099173553719008,0.7743462616182092,0.921394154794009,,,fedavg,99.0
